deal_id,rep_id,rep_name,account,product,amount_inr,forecast_date,close_date,quarter,n_contacts,has_finance_contact,has_champion,competitor,stated_prob,outcome,traits
Q7IRUJK7,meera,Meera,Codehow,GTX Plus Pro,455006,2017-01-01,2017-03-01,2017-Q1,2,False,False,True,0.902,won,large_deal
UA8AWDG4,arjun,Arjun,Y-corporation,MG Advanced,281619,2017-01-01,2017-03-22,2017-Q1,4,False,False,False,0.4121,won,
Y9HWSG8Z,priya,Priya,Gogozoom,GTX Basic,45650,2017-01-01,2017-03-20,2017-Q1,2,False,False,True,0.8102,won,
06B7XWPC,rahul,Rahul,Sonron,GTX Pro,400143,2017-01-02,2017-03-17,2017-Q1,2,True,True,False,0.6938,won,large_deal
IF7MJ88P,rahul,Rahul,Goodsilron,GTX Basic,45650,2017-01-02,2017-03-01,2017-Q1,1,False,True,True,0.7097,won,single_contact_no_finance
PC1NUL8Q,meera,Meera,Hottechi,MG Special,4565,2017-01-02,2017-03-02,2017-Q1,3,False,False,False,0.8421,won,
77ZECYVJ,rahul,Rahul,Finjob,GTX Basic,45650,2017-01-03,2017-03-17,2017-Q1,2,False,True,False,0.4118,lost,
I4UCA7CU,priya,Priya,Stanredtax,GTX Plus Basic,90968,2017-01-03,2017-03-21,2017-Q1,4,True,False,False,0.7742,won,
IRB461Y7,rahul,Rahul,Xx-holding,GTX Plus Basic,90968,2017-01-03,2017-03-30,2017-Q1,3,True,True,True,0.791,won,
NM2Q3CGW,arjun,Arjun,Scotfind,MG Special,4565,2017-01-03,2017-03-15,2017-Q1,1,False,False,True,0.5417,won,single_contact_no_finance
CRX91A45,rahul,Rahul,Faxquote,GTX Basic,45650,2017-01-04,2017-03-16,2017-Q1,2,True,True,True,0.8409,won,
ITHR5WLF,arjun,Arjun,Plexzap,MG Advanced,281619,2017-01-04,2017-03-12,2017-Q1,2,True,True,True,0.4554,won,
SV4SOO2K,arjun,Arjun,Hottechi,GTX Plus Basic,90968,2017-01-04,2017-03-28,2017-Q1,1,False,False,True,0.4684,won,single_contact_no_finance
279625VN,meera,Meera,Funholding,MG Advanced,281619,2017-01-05,2017-03-25,2017-Q1,1,True,False,False,0.3568,lost,
2U54WYQ1,arjun,Arjun,Goodsilron,GTX Pro,400143,2017-01-05,2017-03-23,2017-Q1,1,False,True,False,0.422,won,single_contact_no_finance;large_deal
85XNDIK1,rahul,Rahul,Blackzim,GTX Basic,45650,2017-01-05,2017-03-30,2017-Q1,2,True,False,False,0.3784,lost,
RK52YU8S,priya,Priya,Treequote,GTX Pro,400143,2017-01-05,2017-03-09,2017-Q1,3,True,False,True,0.3629,lost,large_deal
1G866GH4,priya,Priya,Toughzap,MG Special,4565,2017-01-06,2017-03-17,2017-Q1,2,False,False,True,0.8121,won,
HHBA93J5,rahul,Rahul,Konex,GTX Basic,45650,2017-01-06,2017-03-27,2017-Q1,3,True,False,True,0.8061,won,
MXNVX2AM,priya,Priya,Codehow,GTX Pro,400143,2017-01-06,2017-03-18,2017-Q1,3,True,False,False,0.4683,lost,large_deal
VCA1WAB0,meera,Meera,Funholding,MG Advanced,281619,2017-01-06,2017-03-21,2017-Q1,3,True,True,True,0.433,lost,
BBC3JB3H,meera,Meera,Isdom,GTX Basic,45650,2017-01-07,2017-03-08,2017-Q1,2,True,False,False,0.8381,won,
S24L8LVR,meera,Meera,dambase,GTX Plus Pro,455006,2017-01-08,2017-03-18,2017-Q1,3,False,True,True,0.97,won,large_deal
8O9V7UOZ,meera,Meera,Rundofase,MG Special,4565,2017-01-09,2017-03-01,2017-Q1,3,False,False,True,0.7201,won,
DDCC6ZPK,sana,Sana,Ontomedia,MG Advanced,281619,2017-01-09,2017-03-25,2017-Q1,1,False,False,True,0.97,won,single_contact_no_finance
SIRC44NM,arjun,Arjun,Finjob,GTX Basic,45650,2017-01-09,2017-03-27,2017-Q1,1,True,True,True,0.4744,won,
VT5Y73GX,meera,Meera,Betatech,MG Special,4565,2017-01-09,2017-03-15,2017-Q1,1,True,False,True,0.7711,won,
2R3ZA84D,priya,Priya,Finhigh,MG Special,4565,2017-01-10,2017-03-28,2017-Q1,1,True,True,False,0.6228,won,
5DEO8EDS,arjun,Arjun,Rantouch,GTX Basic,45650,2017-01-10,2017-03-20,2017-Q1,3,False,True,False,0.4693,won,
LTTYTAXA,sana,Sana,Kan-code,GTX Pro,400143,2017-01-10,2017-03-24,2017-Q1,2,True,True,True,0.9224,won,large_deal
T5C527Z9,rahul,Rahul,Singletechno,GTX Plus Basic,90968,2017-01-10,2017-03-08,2017-Q1,3,False,True,False,0.6835,won,
ZE84UHHB,meera,Meera,Inity,MG Special,4565,2017-01-10,2017-03-26,2017-Q1,3,False,True,False,0.7055,won,
WPXAMXD2,priya,Priya,Funholding,GTX Plus Pro,455006,2017-01-11,2017-03-10,2017-Q1,4,True,False,True,0.501,lost,large_deal
5AKGNKX1,meera,Meera,Konmatfix,MG Special,4565,2017-01-13,2017-03-16,2017-Q1,1,True,False,True,0.6496,won,
H06UZJH8,rahul,Rahul,Plusstrip,MG Special,4565,2017-01-13,2017-05-08,2017-Q2,3,True,True,False,0.3296,lost,
K1RXVUG9,rahul,Rahul,Nam-zim,GTX Basic,45650,2017-01-13,2017-03-14,2017-Q1,1,False,True,True,0.8111,won,single_contact_no_finance
KNLMLTJH,meera,Meera,Treequote,MG Special,4565,2017-01-13,2017-03-27,2017-Q1,2,False,True,True,0.6487,won,
561707V4,arjun,Arjun,Xx-holding,GTX Pro,400143,2017-01-14,2017-03-17,2017-Q1,2,True,False,False,0.5117,won,large_deal
EJSFO67U,sana,Sana,Zotware,GTX Pro,400143,2017-01-14,2017-03-29,2017-Q1,2,False,True,True,0.97,won,large_deal
SNAPG5KC,arjun,Arjun,Hatfan,MG Advanced,281619,2017-01-14,2017-05-05,2017-Q2,2,True,True,False,0.2759,lost,
NN9R2Y4W,arjun,Arjun,Faxquote,MG Special,4565,2017-01-17,2017-03-30,2017-Q1,2,True,True,False,0.5176,won,
4TZF9N1D,rahul,Rahul,Xx-holding,MG Advanced,281619,2017-01-19,2017-03-28,2017-Q1,2,False,False,True,0.7195,won,
6NXY7144,arjun,Arjun,Xx-holding,GTX Basic,45650,2017-01-19,2017-03-31,2017-Q1,1,False,False,True,0.4696,won,single_contact_no_finance
AC5YXLIR,rahul,Rahul,Faxquote,MG Special,4565,2017-01-19,2017-03-30,2017-Q1,4,False,False,False,0.7268,won,
HSGJKH6U,rahul,Rahul,Plexzap,MG Advanced,281619,2017-01-19,2017-03-29,2017-Q1,3,True,True,False,0.7416,won,
7QGG2LO3,rahul,Rahul,Xx-holding,GTX Pro,400143,2017-01-20,2017-05-25,2017-Q2,2,False,True,False,0.4445,lost,large_deal
IBKRO1AN,rahul,Rahul,Labdrill,GTX Pro,400143,2017-01-20,2017-03-28,2017-Q1,4,True,False,True,0.6543,won,large_deal
Y6HNPIIT,rahul,Rahul,Hottechi,GTX Pro,400143,2017-01-20,2017-03-07,2017-Q1,4,False,False,True,0.7515,won,large_deal
1DDW2GQW,meera,Meera,Cancity,MG Advanced,281619,2017-01-21,2017-03-09,2017-Q1,2,False,True,True,0.4098,lost,
WPGTHV8V,priya,Priya,Ron-tech,GTX Basic,45650,2017-01-21,2017-03-19,2017-Q1,1,True,False,False,0.7632,won,
AAYV8GV4,meera,Meera,Inity,MG Advanced,281619,2017-01-23,2017-05-05,2017-Q2,2,False,True,False,0.3717,lost,
1PN7TVPX,arjun,Arjun,Hottechi,MG Special,4565,2017-01-25,2017-05-01,2017-Q2,1,False,True,False,0.2859,lost,single_contact_no_finance
VXX8GJGY,sana,Sana,The New York Inquirer,GTX Plus Basic,90968,2017-01-26,2017-03-19,2017-Q1,2,True,False,True,0.97,won,
64DJ954O,rahul,Rahul,Condax,GTX Plus Basic,90968,2017-01-27,2017-03-30,2017-Q1,3,False,False,False,0.8462,won,
IQ9KYZCG,priya,Priya,Statholdings,GTX Plus Basic,90968,2017-01-27,2017-05-11,2017-Q2,2,True,True,True,0.704,won,
84V18DBW,meera,Meera,Finhigh,GTX Plus Basic,90968,2017-01-28,2017-06-01,2017-Q2,2,True,False,False,0.8013,won,
EAYD98X2,priya,Priya,Dontechi,GTX Pro,400143,2017-01-28,2017-05-27,2017-Q2,1,True,False,False,0.5524,lost,large_deal
SNFW1FD7,priya,Priya,Streethex,MG Advanced,281619,2017-01-28,2017-05-07,2017-Q2,2,True,True,True,0.6865,won,
WFY0S4WW,meera,Meera,Hottechi,GTX Plus Basic,90968,2017-01-28,2017-05-02,2017-Q2,2,True,True,True,0.7398,won,
YR4W59KS,priya,Priya,Finhigh,GTX Pro,400143,2017-01-28,2017-05-18,2017-Q2,2,False,False,True,0.4734,lost,large_deal
AALARPLH,arjun,Arjun,Goodsilron,MG Advanced,281619,2017-01-29,2017-03-13,2017-Q1,1,False,False,True,0.574,won,single_contact_no_finance
QY6HCHDH,meera,Meera,Condax,MG Special,4565,2017-01-29,2017-05-25,2017-Q2,2,False,True,False,0.8409,won,
ZW58VIDI,arjun,Arjun,Hatfan,MG Special,4565,2017-01-29,2017-05-25,2017-Q2,1,True,True,True,0.4862,won,
3B6HWK65,arjun,Arjun,Blackzim,MG Special,4565,2017-01-30,2017-05-07,2017-Q2,2,True,False,True,0.0882,lost,
N9VYMV3W,priya,Priya,Funholding,GTX Pro,400143,2017-01-30,2017-03-10,2017-Q1,1,False,False,False,0.97,won,single_contact_no_finance;large_deal
NY21X16G,priya,Priya,Zumgoity,GTX Pro,400143,2017-01-31,2017-03-10,2017-Q1,1,False,False,False,0.97,won,single_contact_no_finance;large_deal
AJZB6F22,arjun,Arjun,Goodsilron,GTX Plus Pro,455006,2017-02-01,2017-05-18,2017-Q2,1,True,False,False,0.2855,lost,large_deal
TTY0X4TG,priya,Priya,Dontechi,GTX Pro,400143,2017-02-01,2017-05-05,2017-Q2,4,True,False,False,0.827,won,large_deal
H2MC2E7K,arjun,Arjun,Condax,GTX Plus Basic,90968,2017-02-02,,2017-Q1,4,True,True,False,0.4223,pending,
6AWEAWCM,rahul,Rahul,Konex,GTX Pro,400143,2017-02-03,2017-05-15,2017-Q2,1,True,True,False,0.4731,lost,large_deal
N3JIVUNY,sana,Sana,Umbrella Corporation,MG Advanced,281619,2017-02-03,2017-05-11,2017-Q2,2,False,False,False,0.6997,lost,
88KUDE6J,sana,Sana,Acme Corporation,GTX Plus Pro,455006,2017-02-04,2017-05-30,2017-Q2,3,True,False,True,0.926,won,large_deal
RZ2PUH86,rahul,Rahul,Groovestreet,GTX Basic,45650,2017-02-04,2017-05-17,2017-Q2,1,True,False,True,0.8189,won,
4E01ALB0,arjun,Arjun,Green-Plus,MG Advanced,281619,2017-02-05,2017-05-04,2017-Q2,1,False,False,False,0.576,won,single_contact_no_finance
FHLOUD3V,arjun,Arjun,Sonron,MG Special,4565,2017-02-05,2017-05-24,2017-Q2,2,True,True,True,0.1042,lost,
LSVMMUJ0,priya,Priya,Condax,GTX Pro,400143,2017-02-05,2017-03-25,2017-Q1,2,True,False,False,0.7783,won,large_deal
MMWX1A4H,priya,Priya,Ron-tech,GTX Plus Basic,90968,2017-02-05,2017-06-20,2017-Q2,1,False,True,True,0.6453,lost,single_contact_no_finance
UK2JIE61,meera,Meera,Cancity,MG Special,4565,2017-02-05,2017-05-04,2017-Q2,2,False,True,True,0.8172,won,
QT7LRWTN,arjun,Arjun,Cheers,MG Advanced,281619,2017-02-06,2017-05-04,2017-Q2,1,True,True,True,0.5119,won,
QWL218JV,arjun,Arjun,Singletechno,MG Advanced,281619,2017-02-07,2017-06-13,2017-Q2,1,True,False,True,0.5762,won,
ZHXIDZNI,rahul,Rahul,Unknown,GTX Pro,400143,2017-02-08,,2017-Q1,3,True,False,True,0.6078,pending,large_deal
22ZJM20V,priya,Priya,Statholdings,GTX Pro,400143,2017-02-09,2017-05-18,2017-Q2,2,True,False,True,0.4926,lost,large_deal
E9DJS1D8,priya,Priya,Dontechi,GTX Pro,400143,2017-02-09,2017-03-17,2017-Q1,4,False,False,False,0.5048,lost,large_deal
L47EPGVT,meera,Meera,Gogozoom,GTX Plus Pro,455006,2017-02-09,2017-03-01,2017-Q1,1,False,False,False,0.97,won,single_contact_no_finance;large_deal
VC94R5H8,arjun,Arjun,Konex,GTX Basic,45650,2017-02-09,2017-03-23,2017-Q1,1,True,False,False,0.5807,won,
HM334UL2,priya,Priya,Rangreen,GTX Plus Basic,90968,2017-02-10,2017-03-30,2017-Q1,1,True,False,False,0.9173,won,
L4124UJG,sana,Sana,Umbrella Corporation,GTX Pro,400143,2017-02-10,2017-05-15,2017-Q2,2,False,False,True,0.97,won,large_deal
5QBQMEY5,arjun,Arjun,Scotfind,GTX Pro,400143,2017-02-11,2017-03-24,2017-Q1,2,True,True,False,0.3982,won,large_deal
TYSORYA9,sana,Sana,Donquadtech,GTX Basic,45650,2017-02-11,2017-05-07,2017-Q2,3,False,True,True,0.6854,lost,
HVM656P3,sana,Sana,Plussunin,GTX Basic,45650,2017-02-12,2017-05-12,2017-Q2,4,True,True,False,0.97,won,
B06D1F9M,arjun,Arjun,Faxquote,GTX Pro,400143,2017-02-13,,2017-Q1,1,True,True,False,0.3194,pending,large_deal
WXCW16QT,sana,Sana,Bioplex,GTX Plus Pro,455006,2017-02-13,2017-06-02,2017-Q2,3,True,True,True,0.7519,lost,large_deal
3OVJXUSB,sana,Sana,Silis,MG Advanced,281619,2017-02-14,2017-06-14,2017-Q2,4,False,False,True,0.97,won,
6CEEGQ8I,meera,Meera,Domzoom,MG Special,4565,2017-02-14,2017-05-30,2017-Q2,4,True,False,False,0.6425,won,
GEBVQH17,sana,Sana,Iselectrics,GTX Plus Pro,455006,2017-02-14,2017-05-06,2017-Q2,4,False,True,True,0.97,won,large_deal
L5T2HKKO,meera,Meera,Conecom,GTX Basic,45650,2017-02-14,2017-05-05,2017-Q2,1,True,True,True,0.3985,lost,
RWGSCFHR,sana,Sana,Gekko & Co,GTX Plus Pro,455006,2017-02-14,2017-03-02,2017-Q1,1,True,True,True,0.9275,won,large_deal
U64RT0UF,sana,Sana,Betasoloin,GTX Plus Basic,90968,2017-02-14,2017-05-29,2017-Q2,3,True,True,False,0.97,won,
L3UMWAX7,arjun,Arjun,Faxquote,GTX Plus Basic,90968,2017-02-15,2017-05-17,2017-Q2,2,True,False,False,0.1578,lost,
N6H58J55,meera,Meera,Streethex,GTX Basic,45650,2017-02-15,2017-05-13,2017-Q2,2,True,False,True,0.479,lost,
WR6Q2X53,priya,Priya,Streethex,GTX Plus Pro,455006,2017-02-15,2017-05-08,2017-Q2,4,True,False,False,0.3131,lost,large_deal
2J16RN99,sana,Sana,Mathtouch,GTX Pro,400143,2017-02-16,2017-05-21,2017-Q2,2,True,True,True,0.7034,lost,large_deal
BRQRF65L,sana,Sana,Donquadtech,GTX Basic,45650,2017-02-16,2017-03-02,2017-Q1,1,True,False,True,0.97,won,
D54HETSI,rahul,Rahul,Hottechi,GTX Pro,400143,2017-02-16,2017-05-14,2017-Q2,2,False,True,False,0.2778,lost,large_deal
LB6XW39X,sana,Sana,Xx-zobam,GTX Basic,45650,2017-02-16,2017-03-04,2017-Q1,2,True,False,False,0.8759,won,
75Q82XU7,sana,Sana,Gekko & Co,GTX Plus Basic,90968,2017-02-17,2017-06-13,2017-Q2,1,True,False,False,0.6511,lost,
K4VP5HK4,sana,Sana,Betasoloin,MG Advanced,281619,2017-02-18,2017-05-08,2017-Q2,2,True,True,False,0.97,won,
TTJXSO57,priya,Priya,Hottechi,GTX Pro,400143,2017-02-18,2017-05-20,2017-Q2,2,True,True,False,0.5851,lost,large_deal
44F8ZE41,sana,Sana,Bubba Gump,GTX Basic,45650,2017-02-19,2017-05-19,2017-Q2,1,True,True,False,0.6386,lost,
BEQIZZ7W,priya,Priya,Codehow,GTX Plus Basic,90968,2017-02-19,2017-03-04,2017-Q1,1,False,False,False,0.8911,won,single_contact_no_finance
IHFM8QXN,arjun,Arjun,Kan-code,GTX Plus Basic,90968,2017-02-19,2017-03-07,2017-Q1,3,False,False,True,0.138,lost,
4B4XCPHT,sana,Sana,Zencorporation,GTX Pro,400143,2017-02-20,2017-05-05,2017-Q2,1,True,False,True,0.9588,won,large_deal
CYWZJ2AI,rahul,Rahul,Donquadtech,GTX Plus Basic,90968,2017-02-20,,2017-Q1,2,True,False,True,0.5061,pending,
QTNPGKJ7,rahul,Rahul,Hatfan,GTX Pro,400143,2017-02-20,2017-06-26,2017-Q2,1,True,False,True,0.7739,won,large_deal
Y7N97FW8,arjun,Arjun,Unknown,GTX Pro,400143,2017-02-20,,2017-Q1,1,False,True,True,0.2938,pending,single_contact_no_finance;large_deal
5ITSLO0E,meera,Meera,Treequote,GTX Plus Basic,90968,2017-02-21,2017-03-04,2017-Q1,4,True,True,True,0.7043,won,
IVT0S1N1,arjun,Arjun,Faxquote,GTX Basic,45650,2017-02-21,2017-03-20,2017-Q1,1,True,True,False,0.5661,won,
52CROFH2,priya,Priya,Betatech,GTX Basic,45650,2017-02-22,2017-03-05,2017-Q1,1,True,True,True,0.3855,lost,
6KT5HAR6,priya,Priya,Ron-tech,GTX Pro,400143,2017-02-22,2017-03-05,2017-Q1,3,True,True,False,0.7469,won,large_deal
GVC0RLQE,arjun,Arjun,Scotfind,GTX Plus Basic,90968,2017-02-22,2017-05-11,2017-Q2,4,False,True,False,0.2709,lost,
REDGEUCP,priya,Priya,Genco Pura Olive Oil Company,GTX Pro,400143,2017-02-22,2017-03-10,2017-Q1,2,True,True,False,0.7926,won,large_deal
8477482V,priya,Priya,Gogozoom,GTX Pro,400143,2017-02-23,2017-06-28,2017-Q2,1,True,False,True,0.7301,won,large_deal
A82DG6R5,rahul,Rahul,Kan-code,GTX Plus Pro,455006,2017-02-23,2017-05-04,2017-Q2,2,True,False,False,0.7685,won,large_deal
P5EVJUKQ,meera,Meera,Conecom,GTX Plus Basic,90968,2017-02-23,2017-06-10,2017-Q2,1,True,True,True,0.6185,won,
UQ86UOWY,rahul,Rahul,Y-corporation,GTX Basic,45650,2017-02-23,2017-05-04,2017-Q2,2,False,False,False,0.4977,lost,
NPB8ZLEO,arjun,Arjun,Konex,MG Advanced,281619,2017-02-24,2017-05-13,2017-Q2,2,True,True,True,0.1837,lost,
U185INDA,priya,Priya,Toughzap,GTX Pro,400143,2017-02-24,2017-05-05,2017-Q2,2,True,True,True,0.7928,won,large_deal
1JC9DMNJ,arjun,Arjun,Hottechi,MG Special,4565,2017-02-25,2017-05-06,2017-Q2,3,True,False,True,0.2585,lost,
2MHTTXX0,priya,Priya,Rangreen,GTX Plus Pro,455006,2017-02-25,2017-06-17,2017-Q2,1,True,False,True,0.4048,lost,large_deal
AK2LRFXF,arjun,Arjun,Singletechno,MG Special,4565,2017-02-25,2017-03-11,2017-Q1,4,False,True,False,0.6084,won,
U6N053E1,meera,Meera,Scottech,GTX Basic,45650,2017-02-25,2017-03-02,2017-Q1,3,False,False,True,0.7017,won,
UCK7JRXG,arjun,Arjun,Goodsilron,MG Advanced,281619,2017-02-25,2017-05-13,2017-Q2,3,False,False,False,0.5587,won,
8DWOWB6Y,meera,Meera,Betatech,GTX Basic,45650,2017-02-26,2017-03-16,2017-Q1,4,False,False,False,0.3647,lost,
Z30RS0CL,sana,Sana,Iselectrics,GTX Basic,45650,2017-02-26,2017-06-01,2017-Q2,4,False,False,True,0.7289,lost,
E57F5Z2K,rahul,Rahul,Sonron,GTX Pro,400143,2017-02-27,2017-03-15,2017-Q1,1,False,False,False,0.8158,won,single_contact_no_finance;large_deal
SLIWHUIM,sana,Sana,Ganjaflex,GTX Basic,45650,2017-02-27,2017-05-22,2017-Q2,1,False,False,True,0.97,won,single_contact_no_finance
Z2S4KUPO,rahul,Rahul,Rantouch,GTX Plus Basic,90968,2017-02-27,2017-03-10,2017-Q1,4,False,True,True,0.7036,won,
8061HKKB,sana,Sana,Zathunicon,MG Advanced,281619,2017-02-28,2017-06-19,2017-Q2,2,False,True,True,0.97,won,
6HRIX06M,meera,Meera,Hottechi,MG Advanced,281619,2017-03-01,2017-06-26,2017-Q2,3,False,False,True,0.776,won,
G0QKNVIJ,meera,Meera,Conecom,MG Special,4565,2017-03-01,2017-05-28,2017-Q2,2,False,False,True,0.7048,won,
JCFQVIEG,arjun,Arjun,Zoomit,GTX Plus Basic,90968,2017-03-01,2017-06-01,2017-Q2,3,True,False,False,0.4931,won,
O8JF46GT,priya,Priya,Genco Pura Olive Oil Company,GTX Basic,45650,2017-03-01,2017-03-12,2017-Q1,2,False,True,True,0.8932,won,
RK5Y67V6,priya,Priya,Stanredtax,MG Special,4565,2017-03-01,2017-03-08,2017-Q1,2,False,True,False,0.7368,won,
X2EXSMPR,arjun,Arjun,Xx-holding,GTX Basic,45650,2017-03-01,2017-03-08,2017-Q1,2,False,False,False,0.6715,won,
XIWKGJOW,arjun,Arjun,Goodsilron,GTX Pro,400143,2017-03-01,2017-03-09,2017-Q1,4,False,False,False,0.5648,won,large_deal
32LY2D1K,priya,Priya,Conecom,MG Advanced,281619,2017-03-02,2017-05-26,2017-Q2,1,True,False,True,0.7616,won,
FJMFXCTD,rahul,Rahul,Sunnamplex,GTX Pro,400143,2017-03-02,2017-05-06,2017-Q2,2,False,False,False,0.7218,won,large_deal
G20IQSA3,meera,Meera,Conecom,GTX Basic,45650,2017-03-02,2017-03-12,2017-Q1,1,True,True,True,0.7221,won,
S2UWELRW,sana,Sana,Mathtouch,GTX Basic,45650,2017-03-02,2017-06-11,2017-Q2,1,False,True,True,0.97,won,single_contact_no_finance
SLLJT3T1,priya,Priya,Codehow,GTX Plus Pro,455006,2017-03-02,2017-06-19,2017-Q2,4,True,True,True,0.7762,won,large_deal
VBZ862OS,rahul,Rahul,Xx-holding,GTX Basic,45650,2017-03-02,2017-03-19,2017-Q1,1,True,True,True,0.7029,won,
9JKODCAU,meera,Meera,Rundofase,MG Special,4565,2017-03-03,2017-06-22,2017-Q2,1,False,True,True,0.7562,won,single_contact_no_finance
JE245P8R,priya,Priya,Konmatfix,GTX Plus Basic,90968,2017-03-03,2017-05-28,2017-Q2,2,False,False,False,0.8174,won,
Q1ZKBGV5,meera,Meera,Globex Corporation,MG Special,4565,2017-03-03,2017-05-23,2017-Q2,2,False,False,False,0.8247,won,
U7M26UZV,arjun,Arjun,Unknown,MG Special,4565,2017-03-03,,2017-Q1,2,False,True,True,0.5361,pending,
U85VV1BU,rahul,Rahul,Goodsilron,GTX Basic,45650,2017-03-03,2017-05-22,2017-Q2,4,False,False,True,0.9471,won,
4T8KR12S,priya,Priya,Streethex,GTX Plus Basic,90968,2017-03-04,2017-03-20,2017-Q1,4,False,True,True,0.7439,won,
JIYYV11P,meera,Meera,Genco Pura Olive Oil Company,MG Advanced,281619,2017-03-04,2017-06-07,2017-Q2,4,False,False,False,0.7047,won,
JSDGELLK,meera,Meera,Codehow,GTX Basic,45650,2017-03-04,2017-06-13,2017-Q2,2,True,False,True,0.6891,won,
TCSQO748,arjun,Arjun,Cheers,GTX Pro,400143,2017-03-04,2017-05-11,2017-Q2,1,True,False,False,0.1052,lost,large_deal
3AU5SZ3V,sana,Sana,Donquadtech,GTX Pro,400143,2017-03-05,2017-03-23,2017-Q1,2,True,True,False,0.9224,won,large_deal
FPTH6URQ,arjun,Arjun,Faxquote,GTX Basic,45650,2017-03-05,2017-05-11,2017-Q2,2,False,False,False,0.5564,won,
SAUAOZVO,meera,Meera,Toughzap,GTX Plus Pro,455006,2017-03-05,2017-05-29,2017-Q2,3,True,False,False,0.9417,won,large_deal
U6Q0T9KV,arjun,Arjun,Konex,GTX Basic,45650,2017-03-05,2017-06-14,2017-Q2,1,False,True,True,0.4105,won,single_contact_no_finance
3NQBMKOK,rahul,Rahul,Kan-code,GTX Basic,45650,2017-03-06,2017-06-29,2017-Q2,2,True,True,False,0.8537,won,
NMKAJZJ4,rahul,Rahul,Unknown,MG Special,4565,2017-03-06,,2017-Q1,4,True,False,False,0.57,pending,
11EK1VP7,priya,Priya,Funholding,GTX Pro,400143,2017-03-07,2017-05-28,2017-Q2,4,False,False,True,0.7729,won,large_deal
50HQRWGJ,sana,Sana,Vehement Capital Partners,GTX Pro,400143,2017-03-07,2017-06-10,2017-Q2,1,True,False,False,0.97,won,large_deal
JTSUYWUD,rahul,Rahul,Blackzim,GTX Plus Pro,455006,2017-03-07,2017-05-24,2017-Q2,3,False,True,False,0.4332,lost,large_deal
NCMT5KK3,arjun,Arjun,Dalttechnology,GTX Basic,45650,2017-03-07,,2017-Q1,1,False,True,False,0.4796,pending,single_contact_no_finance
7GRFWF1U,rahul,Rahul,Scotfind,GTX Pro,400143,2017-03-08,2017-03-19,2017-Q1,4,True,False,False,0.5868,won,large_deal
U9CDTLZM,arjun,Arjun,Blackzim,MG Special,4565,2017-03-08,2017-05-26,2017-Q2,3,True,False,True,0.2538,lost,
6LI7FXQT,priya,Priya,Bioholding,MG Special,4565,2017-03-09,2017-05-28,2017-Q2,1,True,True,True,0.411,lost,
D01U0UR8,priya,Priya,Funholding,GTX Basic,45650,2017-03-09,2017-06-17,2017-Q2,2,True,True,True,0.6581,won,
E5UW8AGQ,meera,Meera,Streethex,GTX Basic,45650,2017-03-09,2017-06-11,2017-Q2,1,False,True,False,0.6932,won,single_contact_no_finance
EWA9JFBA,meera,Meera,Zumgoity,MG Special,4565,2017-03-09,2017-06-01,2017-Q2,1,False,True,True,0.8314,won,single_contact_no_finance
396WP6JS,meera,Meera,Gogozoom,MG Special,4565,2017-03-10,2017-03-19,2017-Q1,3,False,True,True,0.6983,won,
BFGASJAW,rahul,Rahul,Unknown,GTX Basic,45650,2017-03-10,,2017-Q1,1,True,False,False,0.5231,pending,
RCQ32MXL,meera,Meera,Streethex,GTX Plus Basic,90968,2017-03-10,2017-05-12,2017-Q2,4,False,True,False,0.4936,lost,
0YN6EALP,meera,Meera,Scottech,MG Special,4565,2017-03-11,2017-03-17,2017-Q1,1,True,True,False,0.7837,won,
2Y84YR3K,rahul,Rahul,J-Texon,GTX Basic,45650,2017-03-11,2017-05-24,2017-Q2,1,False,True,False,0.7103,won,single_contact_no_finance
6XHE52MV,meera,Meera,Inity,MG Special,4565,2017-03-11,2017-05-30,2017-Q2,2,False,False,True,0.5985,lost,
97QHOOWD,rahul,Rahul,Y-corporation,GTX Basic,45650,2017-03-11,2017-03-27,2017-Q1,4,False,True,False,0.7536,won,
HTW9348H,sana,Sana,Silis,GTX Basic,45650,2017-03-11,2017-05-19,2017-Q2,1,False,True,False,0.9377,lost,single_contact_no_finance
ZILYYA1V,arjun,Arjun,Goodsilron,MG Special,4565,2017-03-11,2017-03-30,2017-Q1,3,True,True,True,0.4385,won,
NH0WGTR4,meera,Meera,Funholding,MG Special,4565,2017-03-12,2017-05-25,2017-Q2,4,False,False,False,0.2865,lost,
PFUE2JYB,arjun,Arjun,Finjob,MG Special,4565,2017-03-12,2017-05-26,2017-Q2,3,True,True,False,0.4121,won,
0FST40LV,meera,Meera,Streethex,MG Special,4565,2017-03-13,2017-05-25,2017-Q2,1,True,True,False,0.8113,won,
8L5WBK75,rahul,Rahul,Dalttechnology,GTX Pro,400143,2017-03-13,2017-03-30,2017-Q1,4,True,False,True,0.6977,won,large_deal
A2G8VYZY,priya,Priya,Globex Corporation,GTX Plus Basic,90968,2017-03-13,2017-03-17,2017-Q1,1,True,True,False,0.8865,won,
HEG8WPQF,meera,Meera,Inity,GTX Plus Basic,90968,2017-03-13,2017-05-09,2017-Q2,1,True,False,False,0.8293,won,
Z1RN8D42,rahul,Rahul,Singletechno,GTX Pro,400143,2017-03-13,2017-06-02,2017-Q2,3,True,False,True,0.6963,won,large_deal
ZNSWDHTJ,priya,Priya,Rundofase,GTX Basic,45650,2017-03-13,2017-05-15,2017-Q2,3,False,True,True,0.7961,won,
9UVKASFY,arjun,Arjun,Nam-zim,GTX Plus Pro,455006,2017-03-14,2017-05-27,2017-Q2,3,True,False,False,0.1128,lost,large_deal
E96ZTKHC,arjun,Arjun,Scotfind,GTX Basic,45650,2017-03-14,2017-03-17,2017-Q1,3,True,True,True,0.5003,won,
HALGOQ5D,sana,Sana,Betasoloin,GTX Pro,400143,2017-03-14,2017-05-30,2017-Q2,3,False,True,False,0.91,won,large_deal
KC324LPK,priya,Priya,Ron-tech,GTX Pro,400143,2017-03-14,2017-05-22,2017-Q2,2,True,True,True,0.6779,won,large_deal
086279IX,rahul,Rahul,Kan-code,GTX Pro,400143,2017-03-15,2017-06-14,2017-Q2,3,False,True,False,0.8905,won,large_deal
093R7PK9,arjun,Arjun,Zoomit,MG Special,4565,2017-03-15,2017-06-11,2017-Q2,2,True,False,True,0.6479,won,
6EEC9HQQ,rahul,Rahul,Y-corporation,GTX Pro,400143,2017-03-15,2017-05-21,2017-Q2,2,False,False,False,0.6099,won,large_deal
7Z5AVSH6,priya,Priya,Treequote,GTX Pro,400143,2017-03-15,2017-06-21,2017-Q2,1,False,True,True,0.887,won,single_contact_no_finance;large_deal
BAXENBTS,rahul,Rahul,Finjob,GTX Pro,400143,2017-03-15,2017-05-06,2017-Q2,1,False,False,True,0.4929,lost,single_contact_no_finance;large_deal
E7OPE1O8,priya,Priya,Rangreen,MG Special,4565,2017-03-15,2017-03-20,2017-Q1,4,True,True,False,0.6969,won,
3918OU6O,priya,Priya,Rundofase,GTX Basic,45650,2017-03-16,2017-05-02,2017-Q2,3,False,False,False,0.4536,lost,
CG65AS6X,arjun,Arjun,Xx-holding,GTX Pro,400143,2017-03-16,2017-03-29,2017-Q1,1,True,True,True,0.5461,won,large_deal
04YGLJ3N,rahul,Rahul,Unknown,GTX Plus Pro,455006,2017-03-17,,2017-Q1,3,True,True,False,0.6491,pending,large_deal
4PXSBQU8,priya,Priya,Codehow,MG Special,4565,2017-03-17,2017-05-27,2017-Q2,1,True,False,True,0.8789,won,
72TBO2HA,rahul,Rahul,Cheers,GTX Basic,45650,2017-03-17,2017-05-08,2017-Q2,4,True,True,True,0.3378,lost,
DEH0MYSO,rahul,Rahul,Green-Plus,MG Special,4565,2017-03-17,2017-05-24,2017-Q2,1,False,False,True,0.6895,won,single_contact_no_finance
FCW4SAAP,rahul,Rahul,Scotfind,GTX Basic,45650,2017-03-17,2017-06-11,2017-Q2,4,False,True,True,0.732,won,
IDIMBX0N,meera,Meera,Genco Pura Olive Oil Company,GTX Plus Pro,455006,2017-03-17,2017-03-26,2017-Q1,2,False,True,True,0.97,won,large_deal
ACB3QZAY,rahul,Rahul,Singletechno,GTX Pro,400143,2017-03-18,2017-06-04,2017-Q2,3,False,False,False,0.6374,lost,large_deal;end_of_quarter
CQVDJR45,priya,Priya,Scottech,GTX Pro,400143,2017-03-18,2017-06-12,2017-Q2,1,False,False,True,0.97,won,single_contact_no_finance;large_deal;end_of_quarter
G7PNQB9M,meera,Meera,Warephase,GTX Plus Basic,90968,2017-03-18,2017-05-25,2017-Q2,2,True,True,False,0.2184,lost,end_of_quarter
06YL7WVJ,priya,Priya,Ron-tech,GTX Plus Basic,90968,2017-03-19,2017-03-21,2017-Q1,4,False,False,False,0.6929,won,end_of_quarter
6JI36HIE,rahul,Rahul,Sonron,MG Advanced,281619,2017-03-19,2017-06-23,2017-Q2,1,False,False,False,0.6622,lost,single_contact_no_finance;end_of_quarter
B5CBSTM5,rahul,Rahul,Golddex,MG Advanced,281619,2017-03-19,2017-03-29,2017-Q1,3,True,True,True,0.97,won,end_of_quarter
F8O0IY28,sana,Sana,Zencorporation,GTX Basic,45650,2017-03-19,2017-03-30,2017-Q1,1,False,False,True,0.97,won,single_contact_no_finance;end_of_quarter
2BYD4WQ7,meera,Meera,Funholding,MG Special,4565,2017-03-20,2017-05-19,2017-Q2,2,False,False,False,0.4142,lost,end_of_quarter
4D95LU0H,priya,Priya,dambase,GTX Basic,45650,2017-03-20,2017-06-24,2017-Q2,1,True,False,True,0.7695,won,end_of_quarter
KA79LTFF,priya,Priya,Dontechi,GTX Basic,45650,2017-03-20,2017-03-30,2017-Q1,3,False,True,False,0.774,won,end_of_quarter
TJ6U9HZ3,rahul,Rahul,Singletechno,GTX Basic,45650,2017-03-20,2017-06-24,2017-Q2,4,True,True,True,0.9056,won,end_of_quarter
DDBH2FPP,meera,Meera,Rangreen,GTX Plus Basic,90968,2017-03-21,2017-06-16,2017-Q2,1,False,False,True,0.7815,won,single_contact_no_finance;end_of_quarter
IJ4GXGCU,priya,Priya,Isdom,GTX Pro,400143,2017-03-22,2017-03-30,2017-Q1,1,True,True,False,0.6411,won,large_deal;end_of_quarter
SUO8VZQ8,arjun,Arjun,Lexiqvolax,GTX Plus Pro,455006,2017-03-23,2017-06-14,2017-Q2,1,False,True,True,0.5502,won,single_contact_no_finance;large_deal;end_of_quarter
UD9V38LV,sana,Sana,Betasoloin,GTX Pro,400143,2017-03-23,2017-05-19,2017-Q2,1,False,True,False,0.8053,lost,single_contact_no_finance;large_deal;end_of_quarter
21S1ETXM,rahul,Rahul,Scotfind,GTX Plus Basic,90968,2017-03-24,2017-04-03,2017-Q2,2,False,False,False,0.6937,lost,end_of_quarter
7XEB6TFB,meera,Meera,Scottech,MG Special,4565,2017-03-24,2017-06-06,2017-Q2,1,False,False,False,0.75,won,single_contact_no_finance;end_of_quarter
EDAJ0YEW,priya,Priya,Isdom,GTX Pro,400143,2017-03-24,2017-03-30,2017-Q1,2,True,True,True,0.6699,won,large_deal;end_of_quarter
KIJB458K,priya,Priya,Toughzap,GTX Plus Pro,455006,2017-03-24,2017-04-03,2017-Q2,4,False,False,True,0.5621,lost,large_deal;end_of_quarter
9BGKQZ3H,meera,Meera,Domzoom,MG Special,4565,2017-03-25,2017-04-03,2017-Q2,3,True,False,True,0.371,lost,end_of_quarter
HRV9DSYF,arjun,Arjun,Blackzim,GTX Basic,45650,2017-03-25,2017-04-03,2017-Q2,4,False,False,True,0.4645,won,end_of_quarter
3ZILMRQK,sana,Sana,Kinnamplus,GTX Plus Pro,455006,2017-03-26,2017-05-28,2017-Q2,3,False,True,False,0.7214,lost,large_deal;end_of_quarter
M52B4VC5,meera,Meera,Globex Corporation,MG Special,4565,2017-03-26,2017-04-04,2017-Q2,1,True,False,False,0.4798,lost,end_of_quarter
5OVTFUNQ,priya,Priya,Cancity,GTX Pro,400143,2017-03-27,2017-04-05,2017-Q2,1,False,True,False,0.7574,lost,single_contact_no_finance;large_deal;end_of_quarter
3O7PIS8O,priya,Priya,Warephase,MG Advanced,281619,2017-03-28,2017-04-09,2017-Q2,1,True,False,True,0.7786,won,end_of_quarter
T1ZYZ70B,meera,Meera,Codehow,MG Special,4565,2017-03-28,2017-06-08,2017-Q2,1,True,True,True,0.4157,lost,end_of_quarter
7ASDRLM5,sana,Sana,Acme Corporation,GTX Basic,45650,2017-03-29,2017-05-11,2017-Q2,2,True,False,False,0.97,won,end_of_quarter
8IJOC37Z,rahul,Rahul,Hottechi,GTX Basic,45650,2017-03-29,2017-06-28,2017-Q2,1,False,True,False,0.9101,won,single_contact_no_finance;end_of_quarter
98YPUABG,arjun,Arjun,Sonron,GTX Plus Pro,455006,2017-03-29,2017-04-06,2017-Q2,1,True,False,True,0.3865,lost,large_deal;end_of_quarter
FRIVBOOA,priya,Priya,Conecom,GTX Pro,400143,2017-03-29,2017-06-16,2017-Q2,1,False,False,True,0.97,won,single_contact_no_finance;large_deal;end_of_quarter
3VQOFPW7,priya,Priya,Globex Corporation,MG Advanced,281619,2017-03-30,2017-05-17,2017-Q2,2,False,False,True,0.3913,lost,end_of_quarter
HMKFBTYR,priya,Priya,Bioholding,GTX Basic,45650,2017-03-30,2017-06-20,2017-Q2,3,False,False,True,0.6087,won,end_of_quarter
OUR875IK,sana,Sana,Xx-zobam,GTX Basic,45650,2017-03-30,2017-04-06,2017-Q2,4,True,False,False,0.8979,won,end_of_quarter
RMO3I92N,sana,Sana,Bubba Gump,GTX Plus Basic,90968,2017-03-30,2017-04-11,2017-Q2,1,False,False,False,0.8161,lost,single_contact_no_finance;end_of_quarter
99AAJPQN,meera,Meera,Condax,MG Special,4565,2017-03-31,2017-06-15,2017-Q2,3,True,True,True,0.8472,won,end_of_quarter
CLOSEH5L,arjun,Arjun,Xx-holding,MG Advanced,281619,2017-03-31,2017-04-09,2017-Q2,2,True,False,True,0.1559,lost,end_of_quarter
SFFFNT6B,meera,Meera,Treequote,MG Special,4565,2017-03-31,2017-04-07,2017-Q2,1,False,False,False,0.4276,lost,single_contact_no_finance;end_of_quarter
YAKIMBKC,rahul,Rahul,Konex,GTX Basic,45650,2017-03-31,2017-04-02,2017-Q2,4,False,True,False,0.97,won,end_of_quarter
ZT6XPQR0,arjun,Arjun,Y-corporation,MG Special,4565,2017-03-31,2017-06-28,2017-Q2,1,True,False,True,0.633,won,end_of_quarter
5PA21ZHE,priya,Priya,Betatech,GTX Pro,400143,2017-04-01,2017-04-10,2017-Q2,4,True,True,False,0.6689,won,large_deal
N4PVP6C0,sana,Sana,Initech,GTX Basic,45650,2017-04-01,2017-04-03,2017-Q2,4,True,True,False,0.8282,lost,
XBSZ29VJ,rahul,Rahul,Singletechno,GTX Plus Basic,90968,2017-04-01,2017-05-24,2017-Q2,1,True,False,False,0.8401,won,
ZZJ4I52J,meera,Meera,Hottechi,GTX Basic,45650,2017-04-01,2017-05-05,2017-Q2,3,True,False,True,0.7959,won,
5PJJCTJ9,priya,Priya,Bioholding,MG Advanced,281619,2017-04-02,2017-04-11,2017-Q2,1,False,False,False,0.97,won,single_contact_no_finance
7RI58VF7,meera,Meera,Streethex,GTX Basic,45650,2017-04-02,2017-06-20,2017-Q2,2,True,True,True,0.8202,won,
OV08QE7X,rahul,Rahul,Cheers,GTX Basic,45650,2017-04-02,2017-04-10,2017-Q2,2,True,False,True,0.7269,won,
2ZXKC707,arjun,Arjun,Cheers,MG Advanced,281619,2017-04-03,2017-04-11,2017-Q2,4,True,False,True,0.1689,lost,
4AHNCJ2Y,meera,Meera,Rangreen,GTX Basic,45650,2017-04-03,2017-06-27,2017-Q2,3,True,True,False,0.8114,won,
524GC3WL,priya,Priya,Globex Corporation,MG Advanced,281619,2017-04-03,2017-04-13,2017-Q2,3,True,True,True,0.7169,won,
FH4VP5CL,sana,Sana,Bioplex,GTX Plus Basic,90968,2017-04-03,2017-06-26,2017-Q2,4,True,True,True,0.97,won,
K9MMOXUC,sana,Sana,Iselectrics,GTX Plus Pro,455006,2017-04-03,2017-04-14,2017-Q2,3,False,False,False,0.97,won,large_deal
T4ZW6SS4,sana,Sana,Silis,MG Special,4565,2017-04-03,2017-04-15,2017-Q2,1,True,False,True,0.7523,lost,
2S3DHZFO,priya,Priya,Konmatfix,GTX Pro,400143,2017-04-04,2017-06-21,2017-Q2,3,False,True,True,0.3763,lost,large_deal
5FIGO7XN,sana,Sana,Gekko & Co,GTX Pro,400143,2017-04-04,2017-04-15,2017-Q2,1,False,False,False,0.7664,lost,single_contact_no_finance;large_deal
DRFUPEOU,rahul,Rahul,Blackzim,GTX Plus Pro,455006,2017-04-04,2017-05-10,2017-Q2,2,False,True,True,0.2785,lost,large_deal
EFO8XWXE,sana,Sana,Zencorporation,GTX Pro,400143,2017-04-04,2017-05-25,2017-Q2,1,True,True,False,0.8831,won,large_deal
VIV0OXU6,meera,Meera,Domzoom,GTX Basic,45650,2017-04-04,2017-04-11,2017-Q2,1,True,True,True,0.7533,won,
5QSU8PQU,sana,Sana,Silis,GTX Pro,400143,2017-04-05,2017-06-19,2017-Q2,1,False,False,False,0.97,won,single_contact_no_finance;large_deal
A0VM9Q5M,rahul,Rahul,Doncon,GTX Pro,400143,2017-04-05,2017-04-15,2017-Q2,4,True,True,True,0.5027,lost,large_deal
N58V2ML8,sana,Sana,Plussunin,MG Special,4565,2017-04-05,2017-04-14,2017-Q2,3,True,True,False,0.9329,won,
OJSYLHMZ,arjun,Arjun,Zoomit,GTX Basic,45650,2017-04-05,2017-06-28,2017-Q2,4,False,False,True,0.4979,won,
P9SDPJJO,rahul,Rahul,Green-Plus,GTX Basic,45650,2017-04-05,2017-04-06,2017-Q2,4,False,True,False,0.771,won,
RSXFS096,sana,Sana,Zencorporation,GTX Basic,45650,2017-04-05,2017-08-07,2017-Q3,3,False,True,False,0.6742,lost,
6ER2KL7X,arjun,Arjun,Condax,MG Advanced,281619,2017-04-06,2017-04-14,2017-Q2,3,False,False,True,0.05,lost,
7C2HU8OC,rahul,Rahul,Faxquote,GTX Plus Basic,90968,2017-04-06,2017-04-16,2017-Q2,2,False,True,False,0.2968,lost,
94B4785B,sana,Sana,Plussunin,MG Advanced,281619,2017-04-06,2017-04-15,2017-Q2,3,True,False,False,0.97,won,
CBTC7BHL,arjun,Arjun,Scotfind,GTX Basic,45650,2017-04-06,2017-05-04,2017-Q2,4,True,True,False,0.4528,won,
QVWM8LUB,rahul,Rahul,Hatfan,GTX Basic,45650,2017-04-06,2017-08-06,2017-Q3,1,False,False,False,0.4867,lost,single_contact_no_finance
THMEDL51,priya,Priya,Rundofase,MG Special,4565,2017-04-06,2017-04-14,2017-Q2,1,False,True,False,0.97,won,single_contact_no_finance
4MMQZHCK,arjun,Arjun,Konex,MG Advanced,281619,2017-04-07,2017-04-16,2017-Q2,4,True,False,True,0.2521,lost,
PYY9M6Q4,sana,Sana,Mathtouch,GTX Pro,400143,2017-04-07,2017-04-13,2017-Q2,4,True,False,True,0.97,won,large_deal
QPOE9V6Y,sana,Sana,Opentech,MG Advanced,281619,2017-04-07,2017-04-17,2017-Q2,1,True,True,True,0.6229,lost,
77MKNCO3,arjun,Arjun,Konex,GTX Plus Pro,455006,2017-04-08,2017-04-16,2017-Q2,2,False,False,False,0.466,won,large_deal
8LTQ9ESQ,meera,Meera,dambase,MG Advanced,281619,2017-04-08,2017-04-15,2017-Q2,3,False,False,False,0.4257,lost,
BK85705L,arjun,Arjun,Labdrill,GTX Basic,45650,2017-04-08,2017-06-10,2017-Q2,2,True,False,True,0.4784,won,
G58AHYTW,priya,Priya,Domzoom,MG Special,4565,2017-04-08,2017-04-14,2017-Q2,2,False,True,True,0.4015,lost,
GWRPJWRO,sana,Sana,Bioplex,GTX Pro,400143,2017-04-08,2017-04-16,2017-Q2,1,True,True,True,0.6481,lost,large_deal
72WE0PUH,arjun,Arjun,Rantouch,MG Special,4565,2017-04-09,2017-06-16,2017-Q2,4,True,False,False,0.4803,won,
8GBXTWXE,rahul,Rahul,Blackzim,MG Advanced,281619,2017-04-09,2017-04-16,2017-Q2,1,True,False,False,0.4943,lost,
C3918FWQ,rahul,Rahul,Singletechno,GTX Plus Basic,90968,2017-04-09,2017-08-12,2017-Q3,2,False,True,False,0.4274,lost,
UFGI9P05,priya,Priya,Ron-tech,GTX Pro,400143,2017-04-09,2017-04-18,2017-Q2,2,False,True,True,0.7381,won,large_deal
4R5LIB5F,rahul,Rahul,Green-Plus,GTX Plus Basic,90968,2017-04-10,2017-06-13,2017-Q2,4,True,False,False,0.471,lost,
NCUXZU3S,priya,Priya,Stanredtax,GTX Pro,400143,2017-04-10,2017-04-20,2017-Q2,1,False,True,True,0.97,won,single_contact_no_finance;large_deal
VTVF5TBV,priya,Priya,Codehow,GTX Pro,400143,2017-04-10,2017-04-18,2017-Q2,2,True,False,True,0.4214,lost,large_deal
ZVWUL0LL,rahul,Rahul,Hottechi,GTX Basic,45650,2017-04-10,2017-04-12,2017-Q2,2,True,False,True,0.6241,lost,
30YWHJV8,sana,Sana,Plussunin,GTX Plus Basic,90968,2017-04-11,2017-04-18,2017-Q2,1,False,True,False,0.6965,lost,single_contact_no_finance
8EAINY61,rahul,Rahul,Singletechno,GTX Basic,45650,2017-04-11,2017-04-18,2017-Q2,1,False,True,False,0.4125,lost,single_contact_no_finance
D30QC4EE,rahul,Rahul,Rantouch,GTX Pro,400143,2017-04-11,2017-06-19,2017-Q2,3,False,False,True,0.6821,won,large_deal
UKIM9XIZ,priya,Priya,Inity,GTX Pro,400143,2017-04-11,2017-04-19,2017-Q2,2,False,True,True,0.4205,lost,large_deal
W1GERPB9,arjun,Arjun,Fasehatice,GTX Pro,400143,2017-04-11,2017-06-21,2017-Q2,4,True,True,False,0.5007,won,large_deal
2K8H292S,meera,Meera,Rundofase,GTX Basic,45650,2017-04-12,2017-04-18,2017-Q2,1,True,True,True,0.5952,lost,
F2KINGVU,arjun,Arjun,J-Texon,MG Special,4565,2017-04-12,2017-04-23,2017-Q2,3,True,True,False,0.4876,won,
G5FN7I7T,priya,Priya,Gogozoom,MG Advanced,281619,2017-04-12,2017-06-28,2017-Q2,4,True,True,False,0.4855,lost,
OHVPXBSR,sana,Sana,Yearin,GTX Pro,400143,2017-04-12,2017-04-13,2017-Q2,3,True,False,False,0.97,won,large_deal
TLXS1NB8,arjun,Arjun,Green-Plus,GTX Plus Pro,455006,2017-04-12,2017-04-19,2017-Q2,2,True,True,False,0.05,lost,large_deal
VO3C2LE4,rahul,Rahul,Groovestreet,MG Special,4565,2017-04-12,2017-04-16,2017-Q2,1,False,True,True,0.4795,lost,single_contact_no_finance
4RPUMZ9M,rahul,Rahul,Y-corporation,GTX Pro,400143,2017-04-13,2017-04-21,2017-Q2,4,True,False,True,0.4604,lost,large_deal
8BH9RNZI,priya,Priya,Globex Corporation,GTX Pro,400143,2017-04-13,2017-04-14,2017-Q2,2,True,False,True,0.4557,lost,large_deal
H3ITKE4I,rahul,Rahul,Hatfan,GTX Pro,400143,2017-04-13,2017-04-19,2017-Q2,2,False,False,False,0.3756,lost,large_deal
OS2CD01K,priya,Priya,Streethex,GTX Plus Pro,455006,2017-04-13,2017-04-21,2017-Q2,2,True,True,False,0.7783,won,large_deal
QBCK25DV,meera,Meera,Inity,MG Special,4565,2017-04-13,2017-04-15,2017-Q2,1,True,True,True,0.6979,won,
JS9SCCJ3,priya,Priya,Gogozoom,GTX Plus Basic,90968,2017-04-14,2017-04-15,2017-Q2,3,True,True,False,0.4749,lost,
AY9NWO78,meera,Meera,Statholdings,MG Special,4565,2017-04-15,2017-04-20,2017-Q2,2,True,True,False,0.4581,lost,
BEP06EN5,meera,Meera,Statholdings,GTX Plus Pro,455006,2017-04-15,2017-04-16,2017-Q2,4,False,True,False,0.97,won,large_deal
QRVHBQSF,sana,Sana,Ganjaflex,MG Special,4565,2017-04-15,2017-04-16,2017-Q2,4,True,True,True,0.9509,won,
QA9XE19H,rahul,Rahul,Newex,MG Advanced,281619,2017-04-16,2017-04-23,2017-Q2,2,True,True,True,0.5052,lost,
YGL1F8K1,arjun,Arjun,Plusstrip,MG Special,4565,2017-04-16,2017-05-04,2017-Q2,3,False,True,False,0.5186,won,
30FHAEJZ,rahul,Rahul,Fasehatice,GTX Plus Pro,455006,2017-04-17,2017-04-19,2017-Q2,3,False,False,True,0.8185,won,large_deal
5AI9WG6M,rahul,Rahul,Y-corporation,GTX Plus Pro,455006,2017-04-17,2017-04-25,2017-Q2,1,True,False,False,0.5083,lost,large_deal
DLXFY70W,meera,Meera,Codehow,MG Advanced,281619,2017-04-17,2017-04-24,2017-Q2,1,False,True,False,0.7508,won,single_contact_no_finance
EXICVP8C,meera,Meera,Warephase,MG Special,4565,2017-04-17,2017-04-26,2017-Q2,3,True,True,True,0.7372,won,
Q1DFFYB5,rahul,Rahul,Y-corporation,GTX Plus Pro,455006,2017-04-17,2017-04-19,2017-Q2,3,False,True,True,0.3165,lost,large_deal
CJP7LWRK,rahul,Rahul,Xx-holding,GTX Pro,400143,2017-04-18,2017-04-24,2017-Q2,2,True,False,False,0.7072,won,large_deal
FCGE8U5M,meera,Meera,Betatech,MG Special,4565,2017-04-18,2017-04-25,2017-Q2,2,True,True,False,0.8123,won,
N60UJ28O,rahul,Rahul,Xx-holding,GTX Plus Basic,90968,2017-04-18,2017-04-22,2017-Q2,3,False,False,True,0.7927,won,
Q22714T0,meera,Meera,Betatech,MG Special,4565,2017-04-18,2017-04-24,2017-Q2,1,False,False,False,0.4273,lost,single_contact_no_finance
R102IPTH,rahul,Rahul,Faxquote,GTX Plus Pro,455006,2017-04-18,2017-04-19,2017-Q2,2,True,True,False,0.7453,won,large_deal
ZKOGIB6R,sana,Sana,Xx-zobam,GTX Basic,45650,2017-04-18,2017-04-25,2017-Q2,1,True,False,True,0.8206,lost,
5QD09R7U,priya,Priya,Rundofase,GTX Basic,45650,2017-04-20,2017-04-28,2017-Q2,2,False,False,False,0.8761,won,
ETISD84I,sana,Sana,Zathunicon,GTX Plus Basic,90968,2017-04-20,2017-04-24,2017-Q2,1,False,True,True,0.8829,lost,single_contact_no_finance
H1NFMTJ4,rahul,Rahul,Xx-holding,GTX Basic,45650,2017-04-20,2017-06-25,2017-Q2,2,True,True,False,0.8773,won,
NKBIYNK5,arjun,Arjun,Faxquote,GTX Basic,45650,2017-04-20,2017-04-28,2017-Q2,2,True,True,False,0.2156,lost,
VORZHQ40,priya,Priya,Gogozoom,GTX Pro,400143,2017-04-20,2017-04-30,2017-Q2,1,True,False,True,0.4849,lost,large_deal
ETADSAC3,sana,Sana,Acme Corporation,GTX Pro,400143,2017-04-21,2017-04-27,2017-Q2,1,False,True,False,0.97,won,single_contact_no_finance;large_deal
HK1JJKQL,priya,Priya,Stanredtax,GTX Pro,400143,2017-04-21,2017-04-27,2017-Q2,1,False,True,True,0.6515,lost,single_contact_no_finance;large_deal
PZ6TGFY6,sana,Sana,Silis,GTX Basic,45650,2017-04-21,2017-05-07,2017-Q2,2,False,True,False,0.8069,lost,
W7GVZL28,priya,Priya,Conecom,GTX Plus Basic,90968,2017-04-21,2017-04-30,2017-Q2,3,False,False,False,0.4664,lost,
2ZUL1AAV,rahul,Rahul,Fasehatice,MG Advanced,281619,2017-04-22,2017-04-29,2017-Q2,4,True,True,False,0.5696,lost,
8CUN8O4Z,rahul,Rahul,Y-corporation,GTX Basic,45650,2017-04-22,2017-04-30,2017-Q2,1,False,False,True,0.653,won,single_contact_no_finance
9FWCMMM3,arjun,Arjun,Hottechi,MG Advanced,281619,2017-04-22,2017-04-29,2017-Q2,1,False,True,True,0.5466,won,single_contact_no_finance
AMX2BM39,rahul,Rahul,Kan-code,MG Advanced,281619,2017-04-22,2017-04-23,2017-Q2,3,False,True,True,0.7418,won,
MJF4D19K,priya,Priya,Streethex,GTX Plus Pro,455006,2017-04-22,2017-04-29,2017-Q2,1,True,False,False,0.8561,won,large_deal
A2C5O4EN,rahul,Rahul,Doncon,GTX Basic,45650,2017-04-23,2017-04-29,2017-Q2,2,True,False,True,0.6751,won,
AT6SDVJ5,sana,Sana,Ganjaflex,GTX Plus Basic,90968,2017-04-23,2017-08-26,2017-Q3,3,True,True,False,0.7481,lost,
J82TWNI7,arjun,Arjun,Plexzap,GTX Pro,400143,2017-04-23,2017-08-13,2017-Q3,2,True,True,False,0.249,lost,large_deal
L6PCVRJS,sana,Sana,Vehement Capital Partners,GTX Pro,400143,2017-04-23,2017-04-30,2017-Q2,2,True,True,False,0.9451,won,large_deal
NCL2AJUL,meera,Meera,Globex Corporation,MG Special,4565,2017-04-23,2017-08-26,2017-Q3,1,True,True,True,0.5117,lost,
YDBPPU6J,sana,Sana,Betasoloin,GTX Pro,400143,2017-04-23,2017-06-03,2017-Q2,1,False,True,False,0.97,won,single_contact_no_finance;large_deal
1VIKWVHD,arjun,Arjun,Green-Plus,GTX Basic,45650,2017-04-24,2017-08-10,2017-Q3,2,False,False,False,0.2444,lost,
2K7R3QHZ,rahul,Rahul,Nam-zim,GTX Basic,45650,2017-04-24,2017-09-03,2017-Q3,3,True,False,False,0.8157,won,
7FKONHLX,meera,Meera,Ron-tech,MG Special,4565,2017-04-24,2017-04-25,2017-Q2,1,True,False,False,0.6188,won,
SLP4PTFK,priya,Priya,Konmatfix,GTX Plus Basic,90968,2017-04-24,2017-05-06,2017-Q2,3,True,False,False,0.7952,won,
X3S5O9LJ,priya,Priya,Domzoom,GTX Plus Pro,455006,2017-04-24,2017-04-29,2017-Q2,2,False,True,True,0.5883,won,large_deal
ZA6AJ0N1,priya,Priya,Scottech,GTX Pro,400143,2017-04-24,2017-08-15,2017-Q3,3,True,False,False,0.7217,won,large_deal
2EO70V27,rahul,Rahul,Sunnamplex,GTX Pro,400143,2017-04-25,2017-04-27,2017-Q2,1,True,True,False,0.4039,lost,large_deal
N5QER189,priya,Priya,Rundofase,GTX Plus Basic,90968,2017-04-26,2017-05-11,2017-Q2,1,False,True,False,0.97,won,single_contact_no_finance
ZBAMKTFX,rahul,Rahul,Labdrill,GTX Pro,400143,2017-04-26,2017-08-08,2017-Q3,2,True,True,False,0.7786,won,large_deal
GIIKA5B9,arjun,Arjun,Lexiqvolax,GTX Basic,45650,2017-04-27,2017-04-29,2017-Q2,3,True,False,False,0.3448,lost,
A2HLNPEL,arjun,Arjun,Scotfind,GTX Pro,400143,2017-04-28,2017-05-06,2017-Q2,2,True,False,True,0.2609,lost,large_deal
FQ4QOS8U,meera,Meera,Dontechi,GTX Basic,45650,2017-04-28,2017-04-29,2017-Q2,1,True,False,True,0.5579,lost,
NENHRB3K,arjun,Arjun,Lexiqvolax,MG Advanced,281619,2017-04-28,2017-05-14,2017-Q2,3,False,True,False,0.234,lost,
DH9CHQ02,sana,Sana,Ontomedia,GTX Pro,400143,2017-04-29,2017-05-10,2017-Q2,1,True,True,True,0.6762,lost,large_deal
IE6TPFU9,meera,Meera,Scottech,GTX Plus Basic,90968,2017-04-29,2017-05-15,2017-Q2,2,True,False,True,0.7682,won,
PJKAJVUG,priya,Priya,Dontechi,GTX Basic,45650,2017-04-30,2017-05-04,2017-Q2,4,True,True,True,0.3212,lost,
ZNFFFJ1T,rahul,Rahul,Newex,GTX Basic,45650,2017-04-30,2017-08-13,2017-Q3,3,False,True,True,0.8577,won,
4UN65HWV,priya,Priya,Warephase,GTX Plus Basic,90968,2017-05-01,2017-08-23,2017-Q3,1,False,False,False,0.97,won,single_contact_no_finance
7FY0HBH7,arjun,Arjun,Cheers,MG Advanced,281619,2017-05-01,2017-06-26,2017-Q2,3,True,False,True,0.1593,lost,
GAIFPSU2,arjun,Arjun,Fasehatice,GTX Plus Basic,90968,2017-05-01,2017-06-16,2017-Q2,4,True,False,True,0.6043,won,
NK438B9U,sana,Sana,Zotware,GTX Basic,45650,2017-05-01,2017-05-20,2017-Q2,1,False,False,False,0.7383,lost,single_contact_no_finance
UYQJ2A1O,arjun,Arjun,Unknown,GTX Plus Pro,455006,2017-05-01,,2017-Q2,2,False,True,False,0.3405,pending,large_deal
7DDJHUWU,arjun,Arjun,Scotfind,GTX Pro,400143,2017-05-02,2017-05-17,2017-Q2,3,False,True,False,0.0622,lost,large_deal
2NPSMBLK,priya,Priya,Codehow,GTX Pro,400143,2017-05-03,2017-08-08,2017-Q3,3,False,False,True,0.511,lost,large_deal
2NTWE1G4,rahul,Rahul,Xx-holding,GTX Pro,400143,2017-05-03,2017-05-08,2017-Q2,2,False,False,True,0.6921,won,large_deal
A7F5O29R,arjun,Arjun,Zoomit,MG Advanced,281619,2017-05-03,2017-08-03,2017-Q3,1,False,True,False,0.4645,won,single_contact_no_finance
NLKPA1KP,priya,Priya,Inity,GTX Basic,45650,2017-05-03,2017-08-11,2017-Q3,4,False,True,True,0.7028,won,
10UN7LA8,meera,Meera,Rangreen,MG Advanced,281619,2017-05-04,2017-06-23,2017-Q2,3,False,True,False,0.8794,won,
OPEICJES,meera,Meera,Konmatfix,MG Special,4565,2017-05-04,2017-06-09,2017-Q2,1,False,False,True,0.6946,won,single_contact_no_finance
PDMWTS8O,meera,Meera,Domzoom,MG Special,4565,2017-05-04,2017-06-04,2017-Q2,4,True,True,True,0.607,won,
4Z7B0OQB,meera,Meera,Bioholding,MG Advanced,281619,2017-05-05,2017-08-15,2017-Q3,3,False,True,False,0.4219,lost,
B0MOQZVN,arjun,Arjun,Sonron,GTX Basic,45650,2017-05-05,2017-05-14,2017-Q2,3,True,False,True,0.4914,won,
C64JTLGO,sana,Sana,Vehement Capital Partners,GTX Plus Basic,90968,2017-05-05,2017-05-06,2017-Q2,4,True,False,False,0.97,won,
SOE904XE,sana,Sana,Kinnamplus,GTX Plus Basic,90968,2017-05-05,2017-08-26,2017-Q3,2,True,True,True,0.82,won,
T5GZDRDE,rahul,Rahul,Y-corporation,MG Special,4565,2017-05-05,2017-05-16,2017-Q2,3,True,True,False,0.5159,lost,
U43RA5W8,sana,Sana,Ontomedia,GTX Pro,400143,2017-05-05,2017-05-30,2017-Q2,1,False,False,True,0.7177,lost,single_contact_no_finance;large_deal
Z236WCM1,rahul,Rahul,Vehement Capital Partners,GTX Plus Basic,90968,2017-05-05,,2017-Q2,3,False,True,True,0.68,pending,
1Y9KPBXY,priya,Priya,Funholding,GTX Plus Basic,90968,2017-05-06,2017-09-10,2017-Q3,3,False,True,True,0.4515,lost,
IGHYUSN8,arjun,Arjun,Golddex,GTX Plus Pro,455006,2017-05-06,,2017-Q2,1,True,False,True,0.2761,pending,large_deal
ARY1F1KN,rahul,Rahul,Fasehatice,GTX Plus Basic,90968,2017-05-07,2017-05-20,2017-Q2,1,False,False,False,0.4544,lost,single_contact_no_finance
IRCBYH9Z,meera,Meera,dambase,GTX Plus Basic,90968,2017-05-07,2017-08-30,2017-Q3,2,True,False,False,0.3909,lost,
5CJQB25J,arjun,Arjun,Xx-holding,MG Advanced,281619,2017-05-09,2017-08-04,2017-Q3,3,True,True,True,0.3608,lost,
HJBVO8T4,arjun,Arjun,Fasehatice,GTX Basic,45650,2017-05-09,2017-06-21,2017-Q2,3,False,True,False,0.1834,lost,
LPOOKZCQ,rahul,Rahul,Kan-code,GTX Basic,45650,2017-05-09,2017-08-08,2017-Q3,1,True,True,True,0.4719,lost,
N4Z3QYK7,priya,Priya,Warephase,GTX Pro,400143,2017-05-09,2017-05-24,2017-Q2,2,False,False,True,0.9098,won,large_deal
WEB7LYK0,priya,Priya,Inity,GTX Plus Basic,90968,2017-05-09,2017-05-19,2017-Q2,1,True,False,True,0.7394,won,
XSB7IN6X,meera,Meera,Statholdings,GTX Plus Basic,90968,2017-05-09,2017-08-31,2017-Q3,3,True,False,False,0.8384,won,
53ZXALR1,rahul,Rahul,Faxquote,GTX Plus Basic,90968,2017-05-10,2017-09-14,2017-Q3,4,True,False,True,0.8131,won,
DWCDI7Q2,sana,Sana,Zotware,MG Advanced,281619,2017-05-10,2017-05-22,2017-Q2,1,False,True,False,0.6597,lost,single_contact_no_finance
KLZ95C62,meera,Meera,dambase,MG Special,4565,2017-05-10,2017-08-21,2017-Q3,3,False,False,True,0.5663,lost,
X5YVW7O5,sana,Sana,Umbrella Corporation,GTX Plus Pro,455006,2017-05-10,2017-05-17,2017-Q2,2,False,True,True,0.4762,lost,large_deal
ASW97JK3,priya,Priya,Globex Corporation,GTX Pro,400143,2017-05-11,2017-06-29,2017-Q2,4,True,False,False,0.6949,won,large_deal
1D1EJE8U,arjun,Arjun,Scotfind,GTX Basic,45650,2017-05-12,2017-05-26,2017-Q2,1,True,False,True,0.05,lost,
5BAGWGAG,arjun,Arjun,Condax,GTX Plus Pro,455006,2017-05-12,2017-08-23,2017-Q3,3,True,False,True,0.538,won,large_deal
WSPM5X5V,meera,Meera,Gogozoom,MG Special,4565,2017-05-12,2017-05-23,2017-Q2,3,False,True,False,0.4802,lost,
3K97S8L9,sana,Sana,Donquadtech,MG Advanced,281619,2017-05-13,2017-05-19,2017-Q2,4,True,False,True,0.7427,lost,
4N2KE2ER,priya,Priya,Condax,GTX Plus Basic,90968,2017-05-13,2017-08-24,2017-Q3,2,False,False,True,0.8368,won,
QWR1O5R9,sana,Sana,Mathtouch,MG Advanced,281619,2017-05-13,2017-05-17,2017-Q2,1,True,False,False,0.6938,lost,
UJSFG18F,priya,Priya,Dontechi,MG Advanced,281619,2017-05-13,2017-08-15,2017-Q3,3,True,True,True,0.7637,won,
3X2HOUYU,arjun,Arjun,Fasehatice,GTX Basic,45650,2017-05-14,2017-08-16,2017-Q3,1,True,True,False,0.398,won,
4V3TLIGG,meera,Meera,Rundofase,MG Special,4565,2017-05-14,2017-05-22,2017-Q2,3,True,False,True,0.8384,won,
848QSODT,arjun,Arjun,Unknown,GTX Basic,45650,2017-05-14,,2017-Q2,4,True,False,True,0.2805,pending,
9KN4MG14,meera,Meera,Gogozoom,GTX Plus Pro,455006,2017-05-14,2017-08-25,2017-Q3,4,False,False,False,0.6939,lost,large_deal
BCA3ICIO,sana,Sana,Umbrella Corporation,GTX Plus Pro,455006,2017-05-14,2017-08-14,2017-Q3,3,False,True,True,0.641,lost,large_deal
BHV4K3VV,rahul,Rahul,Y-corporation,GTX Basic,45650,2017-05-15,2017-05-25,2017-Q2,3,True,False,False,0.7792,won,
TEJBT5CP,arjun,Arjun,Konex,GTX Plus Basic,90968,2017-05-15,2017-06-03,2017-Q2,1,False,False,True,0.515,won,single_contact_no_finance
X4FW4JR1,rahul,Rahul,Unknown,GTX Basic,45650,2017-05-15,,2017-Q2,1,True,True,False,0.7597,pending,
AXHNVQPQ,arjun,Arjun,Golddex,GTX Pro,400143,2017-05-17,2017-09-08,2017-Q3,1,False,True,False,0.466,won,single_contact_no_finance;large_deal
YMS8IG4L,sana,Sana,Umbrella Corporation,GTX Basic,45650,2017-05-17,2017-05-27,2017-Q2,3,True,False,False,0.97,won,
43AH1M09,meera,Meera,Warephase,MG Special,4565,2017-05-18,2017-05-24,2017-Q2,4,True,True,True,0.4692,lost,
852ZZB90,meera,Meera,Ron-tech,MG Special,4565,2017-05-18,2017-06-02,2017-Q2,1,False,False,False,0.7887,won,single_contact_no_finance
DPT11UGS,sana,Sana,Iselectrics,GTX Plus Basic,90968,2017-05-18,2017-09-05,2017-Q3,2,True,True,False,0.97,won,
V2GGEAOC,meera,Meera,Streethex,MG Special,4565,2017-05-18,2017-09-15,2017-Q3,3,True,True,False,0.8682,won,
00KY25OA,sana,Sana,Condax,GTX Basic,45650,2017-05-19,2017-06-01,2017-Q2,3,False,True,False,0.97,won,
3590U14O,arjun,Arjun,Plexzap,GTX Pro,400143,2017-05-20,2017-08-23,2017-Q3,4,True,True,False,0.1424,lost,large_deal
NJC209SC,priya,Priya,Cancity,GTX Pro,400143,2017-05-20,2017-09-27,2017-Q3,1,False,False,True,0.9331,won,single_contact_no_finance;large_deal
X66G66ZA,priya,Priya,Toughzap,MG Special,4565,2017-05-20,2017-08-18,2017-Q3,1,False,False,True,0.97,won,single_contact_no_finance
59N6QWQM,arjun,Arjun,Sonron,MG Advanced,281619,2017-05-21,2017-05-23,2017-Q2,1,True,False,True,0.2382,lost,
G378ZBNC,meera,Meera,Ron-tech,MG Advanced,281619,2017-05-21,2017-08-03,2017-Q3,1,False,False,True,0.7811,won,single_contact_no_finance
RE3UNESR,rahul,Rahul,Unknown,GTX Basic,45650,2017-05-21,,2017-Q2,1,True,False,True,0.7101,pending,
G86OKJFV,meera,Meera,Isdom,GTX Plus Pro,455006,2017-05-22,2017-05-31,2017-Q2,3,True,False,False,0.6592,lost,large_deal
HUCB9WIQ,priya,Priya,Conecom,MG Advanced,281619,2017-05-22,2017-09-08,2017-Q3,2,True,False,False,0.4663,lost,
075SHVO3,arjun,Arjun,Plexzap,MG Special,4565,2017-05-23,2017-08-12,2017-Q3,2,False,False,True,0.2467,lost,
OKNOWHS3,rahul,Rahul,Labdrill,GTX Plus Basic,90968,2017-05-23,2017-08-02,2017-Q3,2,True,False,False,0.546,lost,
QW4QPPSY,sana,Sana,Gekko & Co,GTX Plus Basic,90968,2017-05-23,2017-08-24,2017-Q3,2,False,True,True,0.8916,won,
IDBXD4OU,rahul,Rahul,Scotfind,GTX Basic,45650,2017-05-24,2017-08-22,2017-Q3,1,False,True,True,0.4,lost,single_contact_no_finance
SURL8H49,sana,Sana,Bubba Gump,MG Advanced,281619,2017-05-24,2017-09-10,2017-Q3,1,False,True,True,0.97,won,single_contact_no_finance
TDNJDFU6,rahul,Rahul,Zoomit,GTX Pro,400143,2017-05-24,2017-08-13,2017-Q3,1,False,False,False,0.4654,lost,single_contact_no_finance;large_deal
2PI827MA,rahul,Rahul,Unknown,GTX Pro,400143,2017-05-25,,2017-Q2,1,True,True,True,0.5555,pending,large_deal
32A5TJ6D,meera,Meera,Domzoom,MG Special,4565,2017-05-25,2017-08-13,2017-Q3,2,True,False,False,0.3868,lost,
CXYWGOPF,sana,Sana,Ontomedia,GTX Pro,400143,2017-05-25,2017-08-21,2017-Q3,2,False,False,True,0.755,lost,large_deal
V7DHDF8V,priya,Priya,Scottech,MG Advanced,281619,2017-05-25,2017-08-07,2017-Q3,3,False,False,False,0.4038,lost,
54XWHO19,arjun,Arjun,Hatfan,GTX Basic,45650,2017-05-26,2017-08-03,2017-Q3,1,False,True,True,0.2142,lost,single_contact_no_finance
CYSF0YQN,meera,Meera,Dontechi,GTX Plus Basic,90968,2017-05-26,2017-08-15,2017-Q3,2,True,True,False,0.3863,lost,
5ELX1QYM,arjun,Arjun,Green-Plus,GTX Plus Basic,90968,2017-05-27,2017-05-30,2017-Q2,3,False,False,True,0.2315,lost,
9FH4OP4U,rahul,Rahul,Faxquote,GTX Plus Pro,455006,2017-05-27,2017-08-04,2017-Q3,3,False,False,False,0.788,won,large_deal
GPC8PLM7,sana,Sana,Kinnamplus,GTX Basic,45650,2017-05-27,2017-09-02,2017-Q3,2,False,False,True,0.97,won,
RTQVKK41,arjun,Arjun,Scotfind,GTX Pro,400143,2017-05-27,2017-08-17,2017-Q3,1,False,True,False,0.1797,lost,single_contact_no_finance;large_deal
UZI6MKVR,meera,Meera,Betatech,MG Special,4565,2017-05-27,2017-08-24,2017-Q3,1,False,False,False,0.479,lost,single_contact_no_finance
V8RYC18P,meera,Meera,Stanredtax,MG Special,4565,2017-05-27,2017-08-21,2017-Q3,1,False,True,False,0.7606,won,single_contact_no_finance
Z8JLMCOM,arjun,Arjun,Hatfan,GTX Pro,400143,2017-05-27,2017-06-02,2017-Q2,2,True,False,False,0.5203,won,large_deal
1O58TWRZ,meera,Meera,Finhigh,GTX Basic,45650,2017-05-28,2017-08-20,2017-Q3,3,False,True,False,0.4113,lost,
BAN0BVHW,sana,Sana,Yearin,GTX Pro,400143,2017-05-28,2017-08-05,2017-Q3,1,True,False,False,0.97,won,large_deal
BGY307FC,sana,Sana,Ganjaflex,GTX Plus Pro,455006,2017-05-28,2017-08-11,2017-Q3,1,False,False,False,0.97,won,single_contact_no_finance;large_deal
BO1ZOZG2,rahul,Rahul,Ontomedia,GTX Plus Basic,90968,2017-05-28,,2017-Q2,1,False,False,True,0.6329,pending,single_contact_no_finance
W8E76HJG,arjun,Arjun,Hottechi,GTX Basic,45650,2017-05-28,2017-06-08,2017-Q2,1,True,False,True,0.5556,won,
1WZ5N86Q,rahul,Rahul,Hottechi,GTX Plus Pro,455006,2017-05-29,2017-08-17,2017-Q3,1,True,True,True,0.8992,won,large_deal
3GOXMQPF,rahul,Rahul,Golddex,GTX Plus Basic,90968,2017-05-29,2017-08-17,2017-Q3,1,True,False,False,0.8116,won,
OJBBZHM4,meera,Meera,Genco Pura Olive Oil Company,GTX Basic,45650,2017-05-29,2017-06-11,2017-Q2,2,True,True,False,0.747,won,
RW02HG5P,sana,Sana,Bluth Company,MG Advanced,281619,2017-05-29,2017-06-11,2017-Q2,3,True,False,True,0.9131,won,
1R8VKE8O,arjun,Arjun,Golddex,GTX Plus Pro,455006,2017-05-30,2017-08-15,2017-Q3,3,True,False,True,0.4946,won,large_deal
3R8PJCCW,rahul,Rahul,Blackzim,MG Advanced,281619,2017-05-30,2017-09-03,2017-Q3,4,False,False,False,0.6983,won,
NDVZAHYA,arjun,Arjun,Golddex,GTX Basic,45650,2017-05-30,2017-08-15,2017-Q3,3,True,True,True,0.533,won,
PF7GFMLQ,sana,Sana,Condax,GTX Basic,45650,2017-05-30,2017-08-10,2017-Q3,2,True,True,False,0.97,won,
37B8ES7X,rahul,Rahul,Groovestreet,GTX Basic,45650,2017-05-31,2017-06-21,2017-Q2,1,True,True,True,0.7413,won,
3CP9VXC1,rahul,Rahul,Labdrill,MG Special,4565,2017-05-31,2017-08-15,2017-Q3,2,True,True,True,0.7193,won,
J47DPNB5,rahul,Rahul,Plexzap,GTX Plus Pro,455006,2017-05-31,2017-08-03,2017-Q3,1,False,False,True,0.5563,lost,single_contact_no_finance;large_deal
S1AU0IZX,priya,Priya,Inity,GTX Pro,400143,2017-05-31,2017-06-04,2017-Q2,1,False,True,True,0.97,won,single_contact_no_finance;large_deal
6ONKN1IM,arjun,Arjun,Newex,MG Advanced,281619,2017-06-01,2017-08-22,2017-Q3,1,True,False,False,0.1725,lost,
CGCPVYNI,meera,Meera,Isdom,GTX Basic,45650,2017-06-01,2017-06-08,2017-Q2,1,True,False,True,0.7145,won,
LKBS2IJC,priya,Priya,Konmatfix,GTX Plus Pro,455006,2017-06-01,2017-06-11,2017-Q2,1,True,True,True,0.3684,lost,large_deal
CPL37MZC,priya,Priya,dambase,GTX Plus Pro,455006,2017-06-02,2017-08-02,2017-Q3,2,False,True,True,0.7383,won,large_deal
L8NLCWFS,rahul,Rahul,Scotfind,GTX Pro,400143,2017-06-02,2017-08-20,2017-Q3,1,True,True,True,0.7128,won,large_deal
45CMXP2K,priya,Priya,Treequote,GTX Basic,45650,2017-06-03,2017-08-03,2017-Q3,2,False,True,False,0.4383,lost,
4K8N65EM,sana,Sana,Initech,MG Special,4565,2017-06-04,2017-08-06,2017-Q3,3,True,False,True,0.6701,lost,
9DDHZUZB,arjun,Arjun,Konex,GTX Basic,45650,2017-06-04,2017-06-08,2017-Q2,4,True,False,True,0.456,won,
9KJ89VHI,rahul,Rahul,J-Texon,GTX Basic,45650,2017-06-04,2017-09-01,2017-Q3,1,False,False,True,0.6097,won,single_contact_no_finance
BPQ0358T,meera,Meera,Rangreen,MG Advanced,281619,2017-06-04,2017-09-16,2017-Q3,3,False,False,True,0.3938,lost,
G54JJCMX,meera,Meera,Scottech,GTX Plus Pro,455006,2017-06-04,2017-08-18,2017-Q3,3,False,False,False,0.7349,lost,large_deal
KVTBYOVD,sana,Sana,Kan-code,GTX Pro,400143,2017-06-04,2017-06-14,2017-Q2,2,False,False,True,0.97,won,large_deal
N3CN7GCZ,rahul,Rahul,Nam-zim,MG Special,4565,2017-06-04,2017-08-27,2017-Q3,2,False,True,False,0.6808,won,
N7WUBQR0,rahul,Rahul,Singletechno,GTX Plus Basic,90968,2017-06-04,2017-09-17,2017-Q3,1,False,True,True,0.4799,lost,single_contact_no_finance
Y6YZXVTF,sana,Sana,Massive Dynamic,MG Advanced,281619,2017-06-04,2017-09-04,2017-Q3,1,False,True,False,0.97,won,single_contact_no_finance
ZA6CBQAL,sana,Sana,Zotware,GTX Pro,400143,2017-06-04,2017-06-20,2017-Q2,4,False,True,True,0.9574,won,large_deal
1BV5JLZV,arjun,Arjun,Doncon,MG Special,4565,2017-06-05,2017-09-01,2017-Q3,2,True,False,False,0.547,won,
XW7J3TI2,arjun,Arjun,Hatfan,MG Advanced,281619,2017-06-05,2017-08-14,2017-Q3,3,False,False,True,0.0968,lost,
7Z3Q8UYS,rahul,Rahul,Fasehatice,GTX Basic,45650,2017-06-06,2017-08-01,2017-Q3,2,True,True,False,0.611,lost,
NXFAXN16,meera,Meera,Streethex,MG Special,4565,2017-06-06,2017-09-27,2017-Q3,1,True,True,True,0.7079,won,
6UZVABQR,rahul,Rahul,Hottechi,GTX Basic,45650,2017-06-08,2017-08-17,2017-Q3,1,True,True,False,0.7448,won,
EJ0EF8S1,arjun,Arjun,Sunnamplex,GTX Basic,45650,2017-06-08,2017-06-15,2017-Q2,2,True,True,True,0.5424,won,
PGK5K24U,sana,Sana,Plussunin,GTX Pro,400143,2017-06-08,2017-08-28,2017-Q3,2,True,False,False,0.97,won,large_deal
2F0RUQ0B,sana,Sana,Zotware,GTX Pro,400143,2017-06-09,2017-08-02,2017-Q3,1,True,False,False,0.773,won,large_deal
3QTN3F5T,meera,Meera,Isdom,MG Advanced,281619,2017-06-09,2017-08-15,2017-Q3,2,True,False,False,0.6981,won,
D7XNUYJD,rahul,Rahul,Plusstrip,GTX Pro,400143,2017-06-09,2017-08-19,2017-Q3,2,False,False,False,0.5578,lost,large_deal
34YT99YN,arjun,Arjun,Dalttechnology,GTX Plus Pro,455006,2017-06-10,2017-08-23,2017-Q3,1,False,False,True,0.4991,won,single_contact_no_finance;large_deal
EMIAKHPF,sana,Sana,Kinnamplus,GTX Plus Pro,455006,2017-06-10,2017-09-21,2017-Q3,1,True,True,True,0.97,won,large_deal
31C5DVJT,rahul,Rahul,Cheers,MG Special,4565,2017-06-11,2017-09-22,2017-Q3,3,True,False,False,0.6812,won,
9YVSYSE8,meera,Meera,Globex Corporation,GTX Basic,45650,2017-06-11,2017-09-16,2017-Q3,4,False,False,True,0.5437,lost,
IJNOVBGU,priya,Priya,Konmatfix,MG Advanced,281619,2017-06-11,2017-09-03,2017-Q3,2,False,False,True,0.7784,won,
KYL4UFG5,sana,Sana,Bluth Company,GTX Basic,45650,2017-06-11,2017-08-29,2017-Q3,1,True,False,False,0.6896,lost,
GTOKTXRA,arjun,Arjun,Scotfind,MG Special,4565,2017-06-12,2017-09-20,2017-Q3,4,False,True,False,0.6263,won,
RUYLZD4O,rahul,Rahul,Sonron,GTX Pro,400143,2017-06-12,2017-06-29,2017-Q2,2,False,True,True,0.7171,won,large_deal
38YQ4771,meera,Meera,Treequote,MG Advanced,281619,2017-06-13,2017-08-20,2017-Q3,4,True,False,True,0.3786,lost,
F4V2FXK0,meera,Meera,Isdom,MG Special,4565,2017-06-13,2017-06-24,2017-Q2,2,True,False,False,0.733,won,
MHPI0ZW1,priya,Priya,Konmatfix,GTX Basic,45650,2017-06-13,2017-09-04,2017-Q3,1,True,False,True,0.4231,lost,
8X890G2T,meera,Meera,Globex Corporation,MG Special,4565,2017-06-14,2017-06-23,2017-Q2,1,False,False,True,0.6598,won,single_contact_no_finance
TAGD6XU9,priya,Priya,Isdom,MG Advanced,281619,2017-06-14,2017-08-25,2017-Q3,2,False,True,True,0.7352,won,
73FYEJQV,arjun,Arjun,Hatfan,MG Special,4565,2017-06-15,2017-06-22,2017-Q2,1,True,True,False,0.4642,won,
C4CQ8FZL,arjun,Arjun,Hottechi,MG Special,4565,2017-06-15,2017-06-28,2017-Q2,2,False,True,True,0.494,won,
GKHTT70P,priya,Priya,Genco Pura Olive Oil Company,GTX Pro,400143,2017-06-16,2017-09-17,2017-Q3,1,False,True,True,0.97,won,single_contact_no_finance;large_deal
GL8PN4LQ,priya,Priya,Isdom,MG Advanced,281619,2017-06-16,2017-06-24,2017-Q2,3,False,False,True,0.6437,won,
NOHEK8PU,sana,Sana,Ontomedia,GTX Basic,45650,2017-06-16,2017-09-17,2017-Q3,4,False,True,False,0.8431,won,
1J5Y9X1H,arjun,Arjun,Groovestreet,MG Advanced,281619,2017-06-17,2017-09-17,2017-Q3,1,True,True,True,0.4944,won,end_of_quarter
SD8JJSKT,priya,Priya,Streethex,MG Advanced,281619,2017-06-17,2017-08-30,2017-Q3,4,False,False,False,0.6902,won,end_of_quarter
XQ4FN1KA,rahul,Rahul,Golddex,GTX Pro,400143,2017-06-17,2017-09-06,2017-Q3,3,False,True,False,0.838,lost,large_deal;end_of_quarter
YQK2K6U5,priya,Priya,Betatech,GTX Basic,45650,2017-06-17,2017-08-22,2017-Q3,2,False,True,False,0.7404,won,end_of_quarter
6LC0XB2D,meera,Meera,Rundofase,MG Special,4565,2017-06-18,2017-08-29,2017-Q3,1,True,True,True,0.8259,won,end_of_quarter
0WC2J3UP,meera,Meera,Funholding,GTX Basic,45650,2017-06-19,2017-08-28,2017-Q3,1,False,False,False,0.4994,lost,single_contact_no_finance;end_of_quarter
6GL2LRUH,rahul,Rahul,Finjob,MG Special,4565,2017-06-19,2017-06-24,2017-Q2,1,False,False,True,0.97,won,single_contact_no_finance;end_of_quarter
WSG25BZ9,rahul,Rahul,Blackzim,GTX Pro,400143,2017-06-19,2017-09-22,2017-Q3,4,True,False,True,0.97,won,large_deal;end_of_quarter
1C2V9RAO,arjun,Arjun,Goodsilron,MG Advanced,281619,2017-06-20,2017-09-13,2017-Q3,1,False,True,False,0.4462,won,single_contact_no_finance;end_of_quarter
2FGEGLVU,arjun,Arjun,Doncon,MG Special,4565,2017-06-20,2017-06-23,2017-Q2,1,True,False,False,0.1378,lost,end_of_quarter
5AOWZ6AG,sana,Sana,Silis,MG Advanced,281619,2017-06-20,2017-08-09,2017-Q3,3,True,False,False,0.9139,won,end_of_quarter
AFQG21L7,priya,Priya,Funholding,GTX Pro,400143,2017-06-21,2017-07-01,2017-Q3,4,True,False,False,0.5588,lost,large_deal;end_of_quarter
NYI5VMXK,meera,Meera,Codehow,MG Advanced,281619,2017-06-21,2017-09-06,2017-Q3,2,True,False,True,0.9019,won,end_of_quarter
RQJKAR7E,priya,Priya,Isdom,GTX Pro,400143,2017-06-21,2017-07-02,2017-Q3,4,True,False,True,0.4777,lost,large_deal;end_of_quarter
1DMERFNB,rahul,Rahul,Y-corporation,GTX Basic,45650,2017-06-22,2017-09-22,2017-Q3,1,False,True,False,0.97,won,single_contact_no_finance;end_of_quarter
ASC1OWNE,meera,Meera,Stanredtax,GTX Plus Pro,455006,2017-06-22,2017-09-12,2017-Q3,3,False,False,False,0.97,won,large_deal;end_of_quarter
B0XO4WY7,sana,Sana,Massive Dynamic,GTX Basic,45650,2017-06-22,2017-07-02,2017-Q3,1,True,False,True,0.97,won,end_of_quarter
CKJZ86N6,meera,Meera,Genco Pura Olive Oil Company,MG Advanced,281619,2017-06-22,2017-08-11,2017-Q3,2,False,True,True,0.3528,lost,end_of_quarter
PFHUAJ47,meera,Meera,Gogozoom,MG Special,4565,2017-06-22,2017-07-03,2017-Q3,3,True,True,False,0.5065,lost,end_of_quarter
QPZFP9WT,rahul,Rahul,Labdrill,GTX Pro,400143,2017-06-23,2017-07-04,2017-Q3,3,False,True,False,0.644,lost,large_deal;end_of_quarter
2YBEN3MV,rahul,Rahul,Green-Plus,GTX Plus Basic,90968,2017-06-24,2017-09-08,2017-Q3,1,True,False,False,0.6496,lost,end_of_quarter
EFA9E6WV,rahul,Rahul,Lexiqvolax,GTX Plus Pro,455006,2017-06-24,2017-09-30,2017-Q3,2,False,False,False,0.9393,won,large_deal;end_of_quarter
HSYU33MS,arjun,Arjun,Unknown,MG Special,4565,2017-06-24,,2017-Q2,3,False,False,True,0.4013,pending,end_of_quarter
28S2Z15A,priya,Priya,Ron-tech,MG Special,4565,2017-06-25,2017-08-02,2017-Q3,2,False,True,False,0.7558,won,end_of_quarter
3PD8YBPK,arjun,Arjun,Scotfind,GTX Basic,45650,2017-06-25,2017-07-04,2017-Q3,2,True,False,False,0.1428,lost,end_of_quarter
788SW6EX,sana,Sana,Gekko & Co,GTX Pro,400143,2017-06-25,2017-08-19,2017-Q3,1,False,False,False,0.6784,lost,single_contact_no_finance;large_deal;end_of_quarter
CM2GVLV6,priya,Priya,Ron-tech,GTX Plus Pro,455006,2017-06-25,2017-07-08,2017-Q3,1,True,True,True,0.7159,won,large_deal;end_of_quarter
GZ5M7MIQ,priya,Priya,Conecom,GTX Plus Basic,90968,2017-06-25,2017-07-01,2017-Q3,1,True,False,False,0.2786,lost,end_of_quarter
SPHS260Y,rahul,Rahul,Hatfan,MG Special,4565,2017-06-25,2017-08-27,2017-Q3,1,True,False,False,0.6386,lost,end_of_quarter
0MPEK4ZA,sana,Sana,Donquadtech,GTX Plus Basic,90968,2017-06-26,2017-09-18,2017-Q3,2,True,True,False,0.7235,lost,end_of_quarter
TP0SU68U,sana,Sana,Opentech,GTX Plus Basic,90968,2017-06-26,2017-07-09,2017-Q3,4,True,False,False,0.601,lost,end_of_quarter
XVYL67FL,sana,Sana,Bioplex,GTX Basic,45650,2017-06-26,2017-07-06,2017-Q3,1,False,False,True,0.839,won,single_contact_no_finance;end_of_quarter
YQ6VELF1,priya,Priya,Streethex,GTX Pro,400143,2017-06-26,2017-07-03,2017-Q3,1,True,False,False,0.5282,lost,large_deal;end_of_quarter
99I4V65G,arjun,Arjun,Rantouch,MG Advanced,281619,2017-06-27,2017-07-06,2017-Q3,2,True,False,True,0.2808,lost,end_of_quarter
ACZQMAR4,arjun,Arjun,Rantouch,MG Advanced,281619,2017-06-27,2017-07-07,2017-Q3,1,True,True,True,0.5051,won,end_of_quarter
AMGC18DS,sana,Sana,Zotware,GTX Plus Pro,455006,2017-06-27,2017-09-08,2017-Q3,3,False,True,True,0.6316,lost,large_deal;end_of_quarter
Q81Q0PJK,meera,Meera,Warephase,GTX Plus Basic,90968,2017-06-27,2017-07-06,2017-Q3,4,False,True,True,0.7448,won,end_of_quarter
3DY60YA7,priya,Priya,Stanredtax,GTX Pro,400143,2017-06-28,2017-07-06,2017-Q3,1,False,True,True,0.6724,lost,single_contact_no_finance;large_deal;end_of_quarter
5UKQ16DK,rahul,Rahul,Singletechno,GTX Plus Basic,90968,2017-06-28,2017-07-04,2017-Q3,4,False,True,False,0.97,won,end_of_quarter
7R0G2LC1,arjun,Arjun,Blackzim,GTX Plus Basic,90968,2017-06-28,2017-09-07,2017-Q3,4,True,True,True,0.5875,won,end_of_quarter
8H19L55Y,priya,Priya,Streethex,GTX Pro,400143,2017-06-28,2017-07-07,2017-Q3,3,False,True,True,0.7898,won,large_deal;end_of_quarter
AU5Q1XCW,arjun,Arjun,Faxquote,MG Advanced,281619,2017-06-28,2017-09-09,2017-Q3,1,True,False,False,0.5384,won,end_of_quarter
C9M5B1N6,rahul,Rahul,Nam-zim,GTX Pro,400143,2017-06-28,2017-09-13,2017-Q3,2,True,False,True,0.8707,won,large_deal;end_of_quarter
EG5M02ZV,rahul,Rahul,J-Texon,GTX Basic,45650,2017-06-28,2017-09-27,2017-Q3,3,False,True,True,0.97,won,end_of_quarter
TP9IE6PV,meera,Meera,Genco Pura Olive Oil Company,GTX Basic,45650,2017-06-28,2017-09-11,2017-Q3,1,True,False,True,0.7586,won,end_of_quarter
V0V6O05H,priya,Priya,Condax,GTX Pro,400143,2017-06-28,2017-07-07,2017-Q3,1,False,True,False,0.7672,lost,single_contact_no_finance;large_deal;end_of_quarter
29ZDUK49,meera,Meera,Betatech,GTX Plus Basic,90968,2017-06-29,2017-07-10,2017-Q3,1,True,False,True,0.9073,won,end_of_quarter
CMCVD0N8,priya,Priya,Warephase,GTX Pro,400143,2017-06-29,2017-07-08,2017-Q3,2,True,True,True,0.6645,won,large_deal;end_of_quarter
SNGS64S7,priya,Priya,Statholdings,GTX Pro,400143,2017-06-29,2017-07-06,2017-Q3,2,True,True,True,0.4086,lost,large_deal;end_of_quarter
T4FR3FAC,arjun,Arjun,Unknown,MG Advanced,281619,2017-06-29,,2017-Q2,2,False,True,True,0.3272,pending,end_of_quarter
ZZCKQ2JV,arjun,Arjun,Newex,GTX Pro,400143,2017-06-29,2017-07-04,2017-Q3,1,True,False,False,0.6096,won,large_deal;end_of_quarter
8QOUXQEV,meera,Meera,Betatech,GTX Basic,45650,2017-06-30,2017-09-27,2017-Q3,4,True,False,True,0.8754,won,end_of_quarter
ZWXKCHOO,sana,Sana,Condax,GTX Basic,45650,2017-07-01,2017-09-25,2017-Q3,2,True,False,True,0.6002,won,
019I751P,meera,Meera,Statholdings,GTX Plus Basic,90968,2017-07-02,2017-07-09,2017-Q3,4,True,True,True,0.6707,won,
313EIVW4,meera,Meera,Bioholding,GTX Plus Basic,90968,2017-07-02,2017-07-10,2017-Q3,4,False,False,True,0.4446,lost,
74JAOLQU,karan,Karan,Rantouch,GTX Basic,45650,2017-07-02,2017-08-16,2017-Q3,1,True,True,True,0.5656,lost,
CMLYDJFN,karan,Karan,Plexzap,GTX Basic,45650,2017-07-02,2017-08-11,2017-Q3,1,True,False,True,0.7139,won,
SOW7H1RP,arjun,Arjun,Lexiqvolax,MG Advanced,281619,2017-07-02,2017-07-03,2017-Q3,2,True,False,True,0.1307,lost,
1IG94UUQ,rahul,Rahul,Singletechno,GTX Plus Basic,90968,2017-07-03,2017-07-13,2017-Q3,3,True,True,False,0.851,won,
35LLMROC,rahul,Rahul,Unknown,GTX Basic,45650,2017-07-03,,2017-Q3,1,False,False,False,0.6723,pending,single_contact_no_finance
8APZZ20T,karan,Karan,Y-corporation,GTX Plus Basic,90968,2017-07-03,2017-08-15,2017-Q3,3,False,False,False,0.4214,lost,
AHIDE6VS,sana,Sana,Kan-code,GTX Basic,45650,2017-07-03,2017-07-12,2017-Q3,1,True,True,False,0.7764,won,
RABLXW5E,karan,Karan,Hatfan,MG Special,4565,2017-07-03,2017-09-02,2017-Q3,4,False,True,False,0.69,won,
WAFSPTW6,arjun,Arjun,Lexiqvolax,GTX Basic,45650,2017-07-03,2017-07-14,2017-Q3,4,True,False,False,0.4626,won,
1E5MFGR7,sana,Sana,Plussunin,GTX Basic,45650,2017-07-04,2017-09-26,2017-Q3,3,False,False,True,0.4198,lost,
24OSGLGF,meera,Meera,Dontechi,MG Special,4565,2017-07-04,2017-07-06,2017-Q3,2,False,False,True,0.8518,won,
4R0TB2CL,sana,Sana,Bubba Gump,GTX Pro,400143,2017-07-04,2017-07-13,2017-Q3,2,False,True,False,0.7194,won,large_deal
AUPXRV8O,priya,Priya,Ron-tech,GTX Plus Basic,90968,2017-07-04,2017-09-05,2017-Q3,1,False,True,False,0.97,won,single_contact_no_finance
CI00UV0Y,priya,Priya,Rundofase,GTX Pro,400143,2017-07-04,2017-07-05,2017-Q3,1,False,False,True,0.9533,won,single_contact_no_finance;large_deal
FVCL72VU,meera,Meera,Cancity,GTX Plus Pro,455006,2017-07-04,2017-07-14,2017-Q3,4,False,True,False,0.699,lost,large_deal
IG734VZK,arjun,Arjun,Plusstrip,GTX Plus Pro,455006,2017-07-04,2017-07-14,2017-Q3,1,False,True,True,0.4229,won,single_contact_no_finance;large_deal
KMLW6GXY,arjun,Arjun,Kan-code,MG Advanced,281619,2017-07-04,2017-07-12,2017-Q3,1,True,False,False,0.257,lost,
Q7RV0YW6,rahul,Rahul,Green-Plus,GTX Plus Basic,90968,2017-07-04,2017-07-10,2017-Q3,2,False,True,False,0.4337,lost,
R162LSFR,karan,Karan,Goodsilron,GTX Pro,400143,2017-07-04,2017-07-06,2017-Q3,1,False,True,False,0.5517,lost,single_contact_no_finance;large_deal
TS2JEK3E,sana,Sana,Betasoloin,GTX Basic,45650,2017-07-04,2017-09-23,2017-Q3,1,False,True,True,0.6517,won,single_contact_no_finance
VH3C0A8F,sana,Sana,Mathtouch,GTX Basic,45650,2017-07-04,2017-07-05,2017-Q3,4,False,False,False,0.3686,lost,
09W047QT,sana,Sana,Umbrella Corporation,GTX Pro,400143,2017-07-05,2017-08-10,2017-Q3,2,True,True,True,0.785,won,large_deal
5MRPZ44K,meera,Meera,Domzoom,GTX Basic,45650,2017-07-05,2017-08-28,2017-Q3,3,False,False,True,0.8765,won,
KM0RKC4Q,arjun,Arjun,Hottechi,GTX Basic,45650,2017-07-05,2017-07-06,2017-Q3,4,False,True,True,0.2808,lost,
STG85Q0N,sana,Sana,Kinnamplus,GTX Basic,45650,2017-07-05,2017-07-06,2017-Q3,1,True,False,False,0.4617,lost,
UEXJN3Y6,karan,Karan,Konex,GTX Plus Basic,90968,2017-07-05,2017-07-12,2017-Q3,4,True,True,False,0.651,won,
VMI5QYS3,sana,Sana,Xx-zobam,GTX Pro,400143,2017-07-05,2017-07-09,2017-Q3,1,True,True,False,0.5228,lost,large_deal
A0IS9TWV,rahul,Rahul,Kan-code,GTX Pro,400143,2017-07-06,2017-07-16,2017-Q3,1,True,True,False,0.5325,lost,large_deal
CC3B5DSU,meera,Meera,Treequote,GTX Plus Pro,455006,2017-07-06,2017-07-16,2017-Q3,2,False,False,False,0.7605,lost,large_deal
CDGA1SD7,priya,Priya,Streethex,GTX Pro,400143,2017-07-06,2017-09-12,2017-Q3,2,False,False,False,0.6463,won,large_deal
DOVNGYN4,karan,Karan,Green-Plus,GTX Basic,45650,2017-07-06,2017-07-12,2017-Q3,4,False,True,True,0.5121,lost,
E7TDBIDS,rahul,Rahul,Kan-code,GTX Pro,400143,2017-07-06,2017-09-06,2017-Q3,2,False,True,False,0.756,won,large_deal
1M0THQSZ,arjun,Arjun,Golddex,MG Advanced,281619,2017-07-07,2017-07-09,2017-Q3,2,True,True,True,0.3381,lost,
CBIFB5BB,rahul,Rahul,Kan-code,GTX Basic,45650,2017-07-07,2017-07-17,2017-Q3,2,True,False,False,0.782,won,
CLA3RTMS,karan,Karan,Xx-holding,MG Advanced,281619,2017-07-07,2017-07-09,2017-Q3,2,False,True,True,0.5187,lost,
E62A05BH,meera,Meera,Inity,GTX Basic,45650,2017-07-07,2017-07-15,2017-Q3,3,False,True,False,0.3693,lost,
K1K48OTP,rahul,Rahul,Conecom,GTX Plus Pro,455006,2017-07-07,,2017-Q3,1,False,True,True,0.5823,pending,single_contact_no_finance;large_deal
M6J6VNVQ,sana,Sana,Ontomedia,GTX Basic,45650,2017-07-07,2017-09-08,2017-Q3,3,True,False,False,0.6832,won,
OJWV4RT2,rahul,Rahul,Konex,GTX Basic,45650,2017-07-07,2017-07-09,2017-Q3,2,False,True,True,0.5274,lost,
PMQCN4PR,rahul,Rahul,Finjob,GTX Basic,45650,2017-07-07,2017-07-09,2017-Q3,3,False,True,True,0.6612,won,
U3GCADFV,meera,Meera,Rangreen,MG Special,4565,2017-07-07,2017-07-13,2017-Q3,1,True,True,True,0.4611,lost,
00XBYXIB,rahul,Rahul,Green-Plus,GTX Plus Basic,90968,2017-07-08,2017-07-09,2017-Q3,2,True,False,False,0.5998,won,
4MTCQ31T,meera,Meera,Gogozoom,MG Special,4565,2017-07-08,2017-11-06,2017-Q4,1,False,False,True,0.7031,won,single_contact_no_finance
6XH71PH8,sana,Sana,Yearin,GTX Plus Basic,90968,2017-07-08,2017-09-28,2017-Q3,3,True,False,False,0.5594,won,
DJXM9LIW,sana,Sana,Kinnamplus,GTX Plus Basic,90968,2017-07-08,2017-07-14,2017-Q3,3,False,True,True,0.7538,won,
L0SOZL9A,rahul,Rahul,Y-corporation,MG Advanced,281619,2017-07-08,2017-09-28,2017-Q3,1,True,True,True,0.3274,lost,
HXMJ5048,arjun,Arjun,Green-Plus,MG Advanced,281619,2017-07-09,2017-07-17,2017-Q3,1,True,True,True,0.2179,lost,
K1UREXI5,meera,Meera,Genco Pura Olive Oil Company,GTX Basic,45650,2017-07-09,2017-09-16,2017-Q3,1,False,True,True,0.8138,won,single_contact_no_finance
N9KFOKLS,karan,Karan,Sonron,GTX Basic,45650,2017-07-09,2017-07-14,2017-Q3,1,False,True,True,0.583,lost,single_contact_no_finance
TNEB1XNK,sana,Sana,Gekko & Co,GTX Plus Basic,90968,2017-07-09,2017-09-18,2017-Q3,1,True,True,True,0.7932,won,
6178B4JM,meera,Meera,Domzoom,GTX Plus Basic,90968,2017-07-10,2017-07-17,2017-Q3,4,False,True,False,0.8052,won,
9CQ6TMET,karan,Karan,Dalttechnology,MG Special,4565,2017-07-10,2017-07-11,2017-Q3,1,True,False,False,0.7404,won,
MN34I4DD,karan,Karan,Hatfan,GTX Plus Pro,455006,2017-07-10,2017-09-22,2017-Q3,2,False,True,True,0.7874,won,large_deal
OTNZ5ZCN,arjun,Arjun,Singletechno,GTX Pro,400143,2017-07-10,2017-09-06,2017-Q3,1,True,True,True,0.6097,won,large_deal
TPP1IGKV,rahul,Rahul,Nam-zim,GTX Pro,400143,2017-07-10,2017-07-17,2017-Q3,2,True,False,True,0.4962,lost,large_deal
Z9DK5289,karan,Karan,Golddex,GTX Pro,400143,2017-07-10,2017-07-12,2017-Q3,1,True,False,True,0.4237,lost,large_deal
1JB82QZ0,arjun,Arjun,Sonron,MG Advanced,281619,2017-07-11,2017-07-12,2017-Q3,3,False,True,True,0.2554,lost,
63GAY8GB,karan,Karan,Singletechno,GTX Plus Basic,90968,2017-07-11,2017-08-22,2017-Q3,3,True,False,True,0.4423,lost,
9ZPY98PB,arjun,Arjun,Nam-zim,GTX Basic,45650,2017-07-11,2017-07-13,2017-Q3,3,True,False,True,0.2438,lost,
JB3J080M,rahul,Rahul,Unknown,GTX Plus Pro,455006,2017-07-11,,2017-Q3,4,False,False,True,0.6676,pending,large_deal
OWBGBQ4G,priya,Priya,Stanredtax,GTX Pro,400143,2017-07-11,2017-07-18,2017-Q3,3,False,False,True,0.3736,lost,large_deal
8SNDBWPP,sana,Sana,Massive Dynamic,GTX Plus Pro,455006,2017-07-12,2017-09-28,2017-Q3,2,True,True,True,0.5423,lost,large_deal
G5GPTVMU,meera,Meera,Bioholding,GTX Plus Basic,90968,2017-07-12,2017-08-31,2017-Q3,2,True,False,False,0.4334,lost,
T51ULXCZ,priya,Priya,Bioholding,GTX Pro,400143,2017-07-12,2017-07-23,2017-Q3,4,False,False,True,0.4992,lost,large_deal
100W6J9A,priya,Priya,Treequote,GTX Pro,400143,2017-07-13,2017-07-19,2017-Q3,3,True,False,False,0.4398,lost,large_deal
SPUXDRGN,arjun,Arjun,Kan-code,MG Advanced,281619,2017-07-13,2017-08-28,2017-Q3,1,True,True,True,0.2239,lost,
185PGG0J,meera,Meera,Treequote,MG Special,4565,2017-07-14,2017-07-17,2017-Q3,1,False,True,False,0.783,won,single_contact_no_finance
516C0X9F,priya,Priya,Statholdings,GTX Plus Basic,90968,2017-07-14,2017-07-26,2017-Q3,1,False,True,True,0.8487,won,single_contact_no_finance
8JH8YA79,karan,Karan,Unknown,GTX Basic,45650,2017-07-14,,2017-Q3,4,False,True,False,0.5949,pending,
8SGMUWET,arjun,Arjun,Goodsilron,GTX Basic,45650,2017-07-14,2017-09-29,2017-Q3,1,False,True,True,0.5043,won,single_contact_no_finance
9CE6F4NZ,rahul,Rahul,Plusstrip,GTX Basic,45650,2017-07-14,2017-08-27,2017-Q3,3,True,True,True,0.707,won,
BABQISCH,karan,Karan,Hatfan,GTX Basic,45650,2017-07-14,2017-07-15,2017-Q3,3,False,False,True,0.4123,lost,
DPAEMTHC,sana,Sana,Konex,GTX Basic,45650,2017-07-14,2017-07-15,2017-Q3,2,True,False,True,0.3699,lost,
T46KPPNB,rahul,Rahul,Blackzim,GTX Plus Basic,90968,2017-07-14,2017-07-16,2017-Q3,2,False,True,True,0.454,lost,
2EYTB3PX,sana,Sana,Condax,MG Advanced,281619,2017-07-15,2017-07-25,2017-Q3,1,True,True,False,0.8807,won,
5NXD4U83,arjun,Arjun,Newex,MG Special,4565,2017-07-15,2017-07-17,2017-Q3,4,True,True,False,0.6145,won,
6K7LDRKR,priya,Priya,Stanredtax,GTX Plus Pro,455006,2017-07-15,2017-11-11,2017-Q4,1,False,True,True,0.97,won,single_contact_no_finance;large_deal
8BBXNESQ,rahul,Rahul,Labdrill,GTX Plus Pro,455006,2017-07-15,2017-07-22,2017-Q3,2,True,True,True,0.6203,lost,large_deal
TT5QRQTF,arjun,Arjun,Konex,MG Special,4565,2017-07-15,2017-07-21,2017-Q3,2,False,False,False,0.6516,won,
1N3G9WG2,rahul,Rahul,Y-corporation,GTX Pro,400143,2017-07-16,2017-07-19,2017-Q3,1,True,True,True,0.6115,won,large_deal
4SFRUL8J,karan,Karan,Labdrill,MG Advanced,281619,2017-07-16,2017-07-22,2017-Q3,4,True,True,True,0.3755,lost,
9G93P7SV,sana,Sana,Kan-code,MG Advanced,281619,2017-07-16,2017-09-30,2017-Q3,2,True,False,False,0.6609,won,
B00OD1IF,karan,Karan,Zoomit,GTX Plus Basic,90968,2017-07-16,2017-07-23,2017-Q3,3,False,True,True,0.7152,won,
HYP3SXPV,priya,Priya,Isdom,MG Advanced,281619,2017-07-16,2017-08-02,2017-Q3,1,True,False,True,0.7565,won,
OGO6SNTQ,rahul,Rahul,Plusstrip,GTX Plus Pro,455006,2017-07-16,2017-07-24,2017-Q3,2,True,True,False,0.4427,lost,large_deal
P3QQIMTA,meera,Meera,Rundofase,GTX Basic,45650,2017-07-16,2017-07-24,2017-Q3,1,True,False,True,0.3342,lost,
UB2UAI38,karan,Karan,Singletechno,GTX Plus Basic,90968,2017-07-16,2017-07-21,2017-Q3,2,True,False,True,0.6861,won,
WB1CQNJU,meera,Meera,Funholding,MG Advanced,281619,2017-07-16,2017-07-17,2017-Q3,2,False,True,True,0.5641,lost,
ZOX0FW5W,karan,Karan,Scotfind,GTX Pro,400143,2017-07-16,2017-07-23,2017-Q3,2,False,False,False,0.3763,lost,large_deal
1RL933VJ,arjun,Arjun,Kan-code,GTX Pro,400143,2017-07-17,2017-09-22,2017-Q3,3,True,True,False,0.2875,lost,large_deal
3L965RUK,rahul,Rahul,Kan-code,MG Advanced,281619,2017-07-17,2017-07-26,2017-Q3,1,True,True,False,0.77,won,
7ITUU2YO,arjun,Arjun,Lexiqvolax,GTX Pro,400143,2017-07-17,2017-09-17,2017-Q3,3,False,True,False,0.5503,won,large_deal
8CV5MZWW,karan,Karan,Nam-zim,GTX Basic,45650,2017-07-17,2017-07-21,2017-Q3,3,False,True,True,0.4624,lost,
BV4JZ4G8,karan,Karan,Konex,GTX Basic,45650,2017-07-17,2017-07-19,2017-Q3,1,False,True,True,0.4205,lost,single_contact_no_finance
S46ZLF3G,meera,Meera,Betatech,GTX Basic,45650,2017-07-17,2017-07-26,2017-Q3,2,False,False,True,0.5126,lost,
WHZEK68G,meera,Meera,Streethex,MG Special,4565,2017-07-17,2017-07-22,2017-Q3,2,False,False,False,0.4505,lost,
0KVZKA5T,arjun,Arjun,Konex,MG Special,4565,2017-07-18,2017-07-25,2017-Q3,3,True,False,True,0.1593,lost,
715TBGPE,priya,Priya,Rundofase,GTX Pro,400143,2017-07-18,2017-08-30,2017-Q3,2,False,False,True,0.4944,lost,large_deal
944H7LRC,arjun,Arjun,Sonron,GTX Plus Pro,455006,2017-07-18,2017-07-27,2017-Q3,2,False,True,False,0.5672,won,large_deal
F0OWRRLN,arjun,Arjun,Konex,MG Advanced,281619,2017-07-18,2017-07-28,2017-Q3,2,True,True,False,0.4527,won,
SHKTBB71,meera,Meera,Condax,MG Special,4565,2017-07-18,2017-07-27,2017-Q3,2,True,False,False,0.5596,won,
055Z2OAS,meera,Meera,Dontechi,MG Special,4565,2017-07-19,,2017-Q3,1,True,False,True,0.5706,pending,
6UCZ36IC,karan,Karan,Kan-code,GTX Basic,45650,2017-07-19,2017-11-04,2017-Q4,1,True,True,True,0.4171,lost,
NDHQMBA0,priya,Priya,Globex Corporation,GTX Plus Basic,90968,2017-07-19,2017-08-03,2017-Q3,3,False,True,False,0.8385,won,
1QGOH13Z,sana,Sana,Zathunicon,GTX Pro,400143,2017-07-20,2017-07-28,2017-Q3,1,False,True,True,0.5717,lost,single_contact_no_finance;large_deal
1R2CLEGQ,meera,Meera,Unknown,MG Special,4565,2017-07-20,,2017-Q3,1,True,True,False,0.6554,pending,
AEMGFUYH,rahul,Rahul,Plexzap,GTX Pro,400143,2017-07-20,2017-07-26,2017-Q3,4,True,True,True,0.8992,won,large_deal
DEN2BPRR,sana,Sana,Silis,GTX Pro,400143,2017-07-20,2017-09-27,2017-Q3,1,False,True,True,0.4505,lost,single_contact_no_finance;large_deal
FCBBJJIJ,priya,Priya,Bioholding,MG Advanced,281619,2017-07-20,2017-07-23,2017-Q3,4,False,False,False,0.4948,lost,
KOG75BRP,meera,Meera,Ron-tech,GTX Plus Basic,90968,2017-07-20,2017-11-11,2017-Q4,3,False,False,False,0.4671,lost,
LX4D50OF,priya,Priya,Rangreen,GTX Pro,400143,2017-07-20,2017-08-04,2017-Q3,1,False,True,False,0.6668,lost,single_contact_no_finance;large_deal
SV3T5L5N,meera,Meera,Ron-tech,GTX Plus Basic,90968,2017-07-20,2017-07-21,2017-Q3,1,False,False,False,0.6247,won,single_contact_no_finance
9UO306XU,priya,Priya,Conecom,GTX Pro,400143,2017-07-21,2017-07-26,2017-Q3,4,True,True,True,0.763,won,large_deal
GVRA1VJJ,sana,Sana,Sumace,GTX Basic,45650,2017-07-21,2017-07-29,2017-Q3,3,True,False,False,0.4876,lost,
JAH8NGC2,arjun,Arjun,Xx-holding,MG Advanced,281619,2017-07-21,2017-09-24,2017-Q3,2,True,True,False,0.496,won,
JNDSA5B4,meera,Meera,Treequote,GTX Basic,45650,2017-07-21,2017-11-06,2017-Q4,1,False,True,False,0.3979,lost,single_contact_no_finance
1TJ6WP5R,arjun,Arjun,Hottechi,MG Special,4565,2017-07-22,2017-09-23,2017-Q3,3,False,False,False,0.4892,won,
84BIAFGY,meera,Meera,Statholdings,MG Advanced,281619,2017-07-22,2017-11-03,2017-Q4,4,False,True,False,0.4956,lost,
NK1TQTYO,priya,Priya,Streethex,GTX Pro,400143,2017-07-22,2017-07-24,2017-Q3,3,True,True,True,0.5627,lost,large_deal
RZYCBSQN,meera,Meera,Condax,GTX Plus Basic,90968,2017-07-22,2017-07-29,2017-Q3,1,True,True,True,0.5016,lost,
ZCCBTBIQ,arjun,Arjun,Doncon,GTX Pro,400143,2017-07-22,2017-07-23,2017-Q3,1,False,True,True,0.286,lost,single_contact_no_finance;large_deal
4942W0E7,karan,Karan,Konex,MG Advanced,281619,2017-07-23,2017-08-20,2017-Q3,3,False,True,True,0.8343,won,
4P12PLQA,karan,Karan,Doncon,MG Special,4565,2017-07-23,2017-07-28,2017-Q3,4,False,True,True,0.7013,won,
IAUXJ05J,meera,Meera,Unknown,MG Special,4565,2017-07-23,,2017-Q3,4,False,False,True,0.7111,pending,
TGTJ0NBT,rahul,Rahul,Doncon,GTX Plus Basic,90968,2017-07-23,2017-07-30,2017-Q3,3,False,False,False,0.4613,lost,
0TC6I9SJ,priya,Priya,Dontechi,GTX Pro,400143,2017-07-24,,2017-Q3,4,False,False,True,0.6783,pending,large_deal
2T3QDLXY,sana,Sana,Initech,GTX Pro,400143,2017-07-24,2017-07-26,2017-Q3,2,False,False,True,0.7731,won,large_deal
AHUTOSMS,priya,Priya,Genco Pura Olive Oil Company,GTX Pro,400143,2017-07-24,2017-07-31,2017-Q3,3,True,True,False,0.746,won,large_deal
J5DVK5F3,sana,Sana,Gekko & Co,MG Advanced,281619,2017-07-24,2017-11-02,2017-Q4,1,True,False,False,0.7794,won,
6EXXL6M4,priya,Priya,Stanredtax,GTX Basic,45650,2017-07-25,2017-07-31,2017-Q3,4,False,False,False,0.8066,won,
6UUZ4IJ5,priya,Priya,Ron-tech,GTX Basic,45650,2017-07-25,2017-08-03,2017-Q3,1,True,False,True,0.7466,won,
94E71JAP,priya,Priya,Isdom,GTX Plus Basic,90968,2017-07-25,2017-11-13,2017-Q4,3,True,False,False,0.4727,lost,
APIB681L,priya,Priya,Unknown,GTX Basic,45650,2017-07-25,,2017-Q3,4,True,False,True,0.728,pending,
D28ANNYX,karan,Karan,Green-Plus,GTX Basic,45650,2017-07-25,2017-12-02,2017-Q4,2,False,False,True,0.7484,won,
EVU2E5ZZ,sana,Sana,Gekko & Co,MG Advanced,281619,2017-07-25,2017-08-02,2017-Q3,2,True,True,True,0.3778,lost,
L9BTE2RA,priya,Priya,Toughzap,GTX Plus Pro,455006,2017-07-25,2017-09-29,2017-Q3,2,False,True,True,0.906,won,large_deal
BE0RAJF5,arjun,Arjun,Faxquote,GTX Pro,400143,2017-07-26,2017-08-06,2017-Q3,2,True,True,False,0.2649,lost,large_deal
CEWDZ3ZD,rahul,Rahul,Scotfind,MG Special,4565,2017-07-26,2017-08-10,2017-Q3,2,False,False,False,0.6351,won,
DEVXF86R,sana,Sana,Acme Corporation,GTX Plus Basic,90968,2017-07-26,2017-09-29,2017-Q3,1,False,True,False,0.4466,lost,single_contact_no_finance
2GQH9FKJ,priya,Priya,dambase,GTX Pro,400143,2017-07-27,2017-08-09,2017-Q3,3,True,False,True,0.9665,won,large_deal
GQ7H31ZJ,priya,Priya,Funholding,GTX Pro,400143,2017-07-27,,2017-Q3,3,False,True,False,0.6419,pending,large_deal
I8TEUO2C,karan,Karan,Scotfind,GTX Basic,45650,2017-07-27,2017-08-10,2017-Q3,1,False,False,False,0.861,won,single_contact_no_finance
IF8PILJR,meera,Meera,Globex Corporation,MG Special,4565,2017-07-27,2017-07-29,2017-Q3,4,False,True,False,0.6731,won,
MW3K8553,priya,Priya,Zumgoity,GTX Pro,400143,2017-07-27,2017-08-23,2017-Q3,2,True,False,True,0.8544,won,large_deal
2IKGOPW1,priya,Priya,Inity,GTX Pro,400143,2017-07-28,2017-07-30,2017-Q3,3,True,False,False,0.7446,won,large_deal
4L8RQVL9,sana,Sana,Massive Dynamic,GTX Pro,400143,2017-07-28,2017-08-06,2017-Q3,3,True,True,True,0.3835,lost,large_deal
80S3ED8B,priya,Priya,Conecom,GTX Basic,45650,2017-07-28,2017-08-23,2017-Q3,2,True,False,True,0.8449,won,
NFKUICVA,karan,Karan,Singletechno,GTX Basic,45650,2017-07-28,2017-11-15,2017-Q4,1,True,True,True,0.7577,won,
O6B0YK1X,meera,Meera,Conecom,MG Advanced,281619,2017-07-28,2017-08-03,2017-Q3,3,True,False,False,0.6076,lost,
WTG4IAG0,karan,Karan,Labdrill,MG Special,4565,2017-07-28,2017-07-29,2017-Q3,3,True,False,True,0.0969,lost,
7SO4NKFP,karan,Karan,Hottechi,GTX Plus Basic,90968,2017-07-29,2017-08-03,2017-Q3,2,False,True,True,0.4984,lost,
DOVFYIIO,sana,Sana,Massive Dynamic,GTX Pro,400143,2017-07-29,2017-07-30,2017-Q3,3,False,True,True,0.3641,lost,large_deal
VZ1ETER5,karan,Karan,Goodsilron,GTX Plus Pro,455006,2017-07-29,2017-07-31,2017-Q3,1,False,True,True,0.6471,won,single_contact_no_finance;large_deal
YOFRJU68,karan,Karan,Blackzim,MG Advanced,281619,2017-07-29,2017-09-29,2017-Q3,1,False,True,True,0.7269,won,single_contact_no_finance
2HU8CPJ3,arjun,Arjun,Labdrill,MG Advanced,281619,2017-07-30,2017-11-13,2017-Q4,2,False,False,False,0.5653,won,
5SED9K1C,karan,Karan,Plusstrip,GTX Plus Basic,90968,2017-07-30,2017-08-09,2017-Q3,1,True,True,False,0.536,won,
5SNCUQ8Z,meera,Meera,Unknown,MG Special,4565,2017-07-30,,2017-Q3,2,True,False,False,0.6089,pending,
DVT7NPEH,priya,Priya,Unknown,MG Advanced,281619,2017-07-30,,2017-Q3,3,False,False,False,0.7338,pending,
GZCWRMIR,rahul,Rahul,J-Texon,GTX Basic,45650,2017-07-30,2017-11-20,2017-Q4,1,False,True,True,0.4437,lost,single_contact_no_finance
KQLS98VW,priya,Priya,Condax,GTX Plus Basic,90968,2017-07-30,2017-12-04,2017-Q4,2,True,False,True,0.8203,won,
MK380H70,meera,Meera,Unknown,MG Special,4565,2017-07-30,,2017-Q3,2,False,False,True,0.5576,pending,
5B4H3E7V,arjun,Arjun,Konex,MG Special,4565,2017-07-31,2017-08-05,2017-Q3,2,False,True,True,0.2873,lost,
6YCDG16T,arjun,Arjun,Cheers,MG Advanced,281619,2017-07-31,2017-08-12,2017-Q3,1,False,True,True,0.5062,won,single_contact_no_finance
4Q1A27SA,arjun,Arjun,Singletechno,MG Advanced,281619,2017-08-01,2017-11-20,2017-Q4,1,False,True,False,0.5875,won,single_contact_no_finance
7CYRCTXI,meera,Meera,Konmatfix,MG Advanced,281619,2017-08-01,2017-08-16,2017-Q3,1,False,False,True,0.6427,won,single_contact_no_finance
D9VTKEEH,meera,Meera,Genco Pura Olive Oil Company,GTX Plus Basic,90968,2017-08-01,2017-08-11,2017-Q3,1,True,True,True,0.3641,lost,
HISWL7B0,priya,Priya,Unknown,GTX Pro,400143,2017-08-01,,2017-Q3,4,True,False,False,0.6308,pending,large_deal
NWQHHVEM,arjun,Arjun,Goodsilron,GTX Pro,400143,2017-08-01,2017-08-21,2017-Q3,2,False,False,True,0.5073,won,large_deal
ZJ76J97A,arjun,Arjun,Konex,GTX Pro,400143,2017-08-01,2017-08-19,2017-Q3,2,False,True,True,0.3793,won,large_deal
N909ADDC,arjun,Arjun,Unknown,MG Advanced,281619,2017-08-02,,2017-Q3,2,False,False,False,0.4305,pending,
6KPKOR79,sana,Sana,Bioplex,GTX Plus Basic,90968,2017-08-03,2017-09-13,2017-Q3,1,True,True,True,0.7914,won,
D42GA3LC,sana,Sana,Vehement Capital Partners,MG Advanced,281619,2017-08-03,2017-08-11,2017-Q3,4,True,False,True,0.7781,won,
PBVC1VI7,rahul,Rahul,Konex,GTX Plus Basic,90968,2017-08-03,2017-11-09,2017-Q4,2,True,False,True,0.483,lost,
7WYZ9HMC,rahul,Rahul,Scotfind,GTX Basic,45650,2017-08-04,2017-09-16,2017-Q3,2,True,True,True,0.689,won,
DZ47F0UT,rahul,Rahul,Labdrill,GTX Plus Basic,90968,2017-08-04,2017-08-08,2017-Q3,1,True,False,True,0.4511,lost,
3Q8GSOKD,sana,Sana,Zathunicon,GTX Basic,45650,2017-08-05,2017-12-04,2017-Q4,2,False,True,False,0.7561,won,
D4ZMTQLE,priya,Priya,Scottech,GTX Plus Basic,90968,2017-08-05,2017-12-20,2017-Q4,4,False,True,False,0.6033,won,
QFXZT1TV,sana,Sana,Yearin,GTX Basic,45650,2017-08-05,2017-12-20,2017-Q4,1,True,False,True,0.8285,won,
04T6SOQW,karan,Karan,Unknown,GTX Basic,45650,2017-08-06,,2017-Q3,3,False,False,False,0.7376,pending,
6W7QAH1B,karan,Karan,Konex,GTX Basic,45650,2017-08-06,2017-12-18,2017-Q4,2,False,True,True,0.762,won,
KXLD5YKX,karan,Karan,Scotfind,MG Advanced,281619,2017-08-06,2017-11-19,2017-Q4,1,True,True,True,0.7905,won,
QYUZ3KVU,sana,Sana,Mathtouch,MG Advanced,281619,2017-08-06,2017-08-11,2017-Q3,4,False,False,True,0.6914,won,
SLMY2KDA,rahul,Rahul,Unknown,GTX Pro,400143,2017-08-06,,2017-Q3,4,True,True,True,0.5901,pending,large_deal
STYAF310,karan,Karan,Faxquote,GTX Plus Basic,90968,2017-08-06,2017-11-04,2017-Q4,2,True,False,False,0.4821,lost,
4XLLUO6J,priya,Priya,Inity,GTX Plus Pro,455006,2017-08-07,2017-09-17,2017-Q3,2,True,True,True,0.6634,won,large_deal
FNXCNUR1,karan,Karan,Blackzim,GTX Plus Basic,90968,2017-08-07,2017-11-24,2017-Q4,4,False,False,True,0.5665,lost,
CLRPASVW,karan,Karan,Cancity,GTX Basic,45650,2017-08-08,,2017-Q3,2,True,True,True,0.7257,pending,
RRQIGS7E,meera,Meera,dambase,MG Special,4565,2017-08-08,2017-08-18,2017-Q3,2,True,True,True,0.822,won,
AQFXE1TA,sana,Sana,Konex,GTX Pro,400143,2017-08-09,2017-09-15,2017-Q3,1,False,False,True,0.9132,won,single_contact_no_finance;large_deal
2SI35CTV,arjun,Arjun,Golddex,MG Special,4565,2017-08-10,2017-12-06,2017-Q4,2,True,True,False,0.4238,won,
58CZCKFN,arjun,Arjun,Doncon,MG Advanced,281619,2017-08-10,2017-09-28,2017-Q3,1,False,False,True,0.503,won,single_contact_no_finance
CR13KZ71,rahul,Rahul,Y-corporation,GTX Pro,400143,2017-08-10,2017-11-20,2017-Q4,2,True,False,True,0.2971,lost,large_deal
FBVCN3BA,meera,Meera,Streethex,MG Special,4565,2017-08-11,2017-11-07,2017-Q4,2,False,False,True,0.8116,won,
B96E3BBD,arjun,Arjun,Unknown,GTX Basic,45650,2017-08-12,,2017-Q3,3,False,False,False,0.1891,pending,
J6TNURHV,priya,Priya,Inity,GTX Basic,45650,2017-08-12,2017-11-20,2017-Q4,2,False,True,True,0.8289,won,
WAPSW48Y,priya,Priya,Ron-tech,GTX Pro,400143,2017-08-12,2017-11-01,2017-Q4,2,False,False,False,0.3934,lost,large_deal
1BAF1ZYL,arjun,Arjun,Plexzap,GTX Basic,45650,2017-08-14,2017-08-19,2017-Q3,2,True,False,False,0.6016,won,
2ICN8RJP,priya,Priya,Rundofase,GTX Pro,400143,2017-08-14,2017-11-04,2017-Q4,3,True,False,False,0.6595,won,large_deal
DCOMI70R,meera,Meera,Inity,GTX Plus Pro,455006,2017-08-14,2017-08-20,2017-Q3,3,False,True,True,0.6978,lost,large_deal
HY9VGF58,rahul,Rahul,Plexzap,GTX Plus Basic,90968,2017-08-14,2017-08-24,2017-Q3,3,True,True,False,0.6644,won,
N0XWYRBU,karan,Karan,Goodsilron,GTX Plus Pro,455006,2017-08-14,2017-11-10,2017-Q4,1,True,False,True,0.6259,won,large_deal
3HTSMIGI,meera,Meera,Betatech,GTX Plus Basic,90968,2017-08-15,2017-09-27,2017-Q3,1,False,False,False,0.5962,lost,single_contact_no_finance
3K3LQ0H5,karan,Karan,Scotfind,GTX Basic,45650,2017-08-15,2017-08-23,2017-Q3,1,False,False,True,0.7123,won,single_contact_no_finance
3XUKEIQF,sana,Sana,Plussunin,GTX Plus Pro,455006,2017-08-15,2017-12-11,2017-Q4,2,False,False,True,0.7324,won,large_deal
B5GG52AB,meera,Meera,Inity,GTX Plus Pro,455006,2017-08-15,2017-11-15,2017-Q4,4,False,False,False,0.5849,lost,large_deal
WDUOD19F,priya,Priya,Dontechi,GTX Plus Basic,90968,2017-08-15,2017-12-03,2017-Q4,4,False,True,False,0.5097,lost,
WMJDLTEF,sana,Sana,Ontomedia,GTX Basic,45650,2017-08-15,2017-11-25,2017-Q4,1,True,False,False,0.9508,won,
BIH4D0JL,karan,Karan,Blackzim,GTX Basic,45650,2017-08-16,2017-08-23,2017-Q3,4,True,True,False,0.7701,won,
M49ZMLGL,karan,Karan,Finjob,MG Special,4565,2017-08-16,2017-09-04,2017-Q3,1,False,True,False,0.6888,won,single_contact_no_finance
9LJAADWH,rahul,Rahul,Fasehatice,GTX Basic,45650,2017-08-17,2017-11-08,2017-Q4,2,False,True,False,0.8258,won,
0SSUR0IY,rahul,Rahul,Hottechi,GTX Basic,45650,2017-08-18,2017-11-14,2017-Q4,4,True,False,False,0.4298,lost,
ENGMZL6Y,priya,Priya,Betatech,GTX Pro,400143,2017-08-18,2017-09-01,2017-Q3,4,False,True,False,0.7887,won,large_deal
VYR4EWHR,rahul,Rahul,Unknown,GTX Basic,45650,2017-08-18,,2017-Q3,2,True,False,True,0.6311,pending,
IUKIZFB7,karan,Karan,Singletechno,GTX Basic,45650,2017-08-19,2017-08-25,2017-Q3,4,False,False,False,0.5437,lost,
TLJAFLON,rahul,Rahul,J-Texon,GTX Basic,45650,2017-08-19,2017-08-28,2017-Q3,2,True,True,False,0.3765,lost,
05915PPX,karan,Karan,Xx-holding,MG Advanced,281619,2017-08-20,2017-11-19,2017-Q4,2,False,True,False,0.8276,won,
1I1K838F,arjun,Arjun,Nam-zim,GTX Basic,45650,2017-08-21,2017-12-23,2017-Q4,3,False,False,True,0.5299,won,
6AD8WNA2,rahul,Rahul,Doncon,MG Special,4565,2017-08-21,2017-11-08,2017-Q4,3,True,True,True,0.68,won,
4CFMS9QT,sana,Sana,Zotware,GTX Pro,400143,2017-08-22,2017-11-01,2017-Q4,4,False,True,True,0.303,lost,large_deal
4ELXMIIO,sana,Sana,Umbrella Corporation,GTX Basic,45650,2017-08-22,2017-09-01,2017-Q3,2,True,True,True,0.494,lost,
23K5J6JP,meera,Meera,Funholding,MG Advanced,281619,2017-08-23,2017-11-08,2017-Q4,2,True,False,False,0.4632,lost,
FBEP7939,rahul,Rahul,Scotfind,GTX Pro,400143,2017-08-23,2017-11-15,2017-Q4,3,True,True,False,0.7488,won,large_deal
HTZD5YGO,rahul,Rahul,J-Texon,GTX Plus Basic,90968,2017-08-23,2017-09-13,2017-Q3,1,False,True,False,0.3618,lost,single_contact_no_finance
IAW2UHNH,priya,Priya,Dontechi,GTX Pro,400143,2017-08-23,2017-12-20,2017-Q4,1,True,False,False,0.7537,won,large_deal
NH44FYAA,rahul,Rahul,Sunnamplex,MG Special,4565,2017-08-23,2017-08-25,2017-Q3,2,True,True,False,0.7416,won,
P6NQ2LZK,arjun,Arjun,Unknown,GTX Basic,45650,2017-08-23,,2017-Q3,4,True,False,False,0.3419,pending,
YB4YJTK4,karan,Karan,Lexiqvolax,GTX Basic,45650,2017-08-23,,2017-Q3,1,True,False,False,0.4822,pending,
3ISHFT20,rahul,Rahul,Zoomit,MG Special,4565,2017-08-24,2017-12-18,2017-Q4,2,False,False,False,0.5431,won,
IH4O3JXV,karan,Karan,Singletechno,GTX Basic,45650,2017-08-24,2017-09-10,2017-Q3,1,False,True,True,0.7292,won,single_contact_no_finance
ZVXINY4O,sana,Sana,Zotware,GTX Pro,400143,2017-08-24,2017-11-28,2017-Q4,1,False,False,True,0.4679,lost,single_contact_no_finance;large_deal
AB39AL3A,arjun,Arjun,Plexzap,GTX Plus Pro,455006,2017-08-25,2017-11-22,2017-Q4,2,False,True,True,0.2476,lost,large_deal
DIVKSHY7,karan,Karan,Condax,GTX Plus Basic,90968,2017-08-25,2017-11-13,2017-Q4,1,False,False,False,0.7168,won,single_contact_no_finance
M28Z11DC,karan,Karan,Blackzim,GTX Plus Basic,90968,2017-08-25,2017-08-31,2017-Q3,3,True,False,True,0.4864,lost,
RUN3Z87A,sana,Sana,Donquadtech,GTX Plus Basic,90968,2017-08-25,2017-11-18,2017-Q4,2,True,False,True,0.4859,lost,
55O18ALO,rahul,Rahul,Fasehatice,GTX Pro,400143,2017-08-26,2017-11-08,2017-Q4,1,True,False,True,0.4263,lost,large_deal
62WFO2I3,karan,Karan,Finjob,GTX Basic,45650,2017-08-26,2017-12-04,2017-Q4,2,False,False,False,0.6435,won,
64CTQ6C5,meera,Meera,Bioholding,GTX Plus Pro,455006,2017-08-26,2017-11-02,2017-Q4,1,True,False,False,0.97,won,large_deal
6TND1V4T,arjun,Arjun,Scotfind,MG Special,4565,2017-08-26,2017-08-27,2017-Q3,1,False,True,True,0.2234,lost,single_contact_no_finance
46UITTY6,rahul,Rahul,Singletechno,GTX Basic,45650,2017-08-27,2017-11-04,2017-Q4,3,True,False,True,0.8053,won,
6GDZDVTV,meera,Meera,Dontechi,MG Special,4565,2017-08-27,2017-09-13,2017-Q3,2,True,False,False,0.7403,won,
FMMAQM87,karan,Karan,Green-Plus,GTX Basic,45650,2017-08-27,2017-09-09,2017-Q3,2,False,True,True,0.7072,won,
M40Z4KWL,sana,Sana,Zotware,GTX Pro,400143,2017-08-27,2017-11-25,2017-Q4,3,False,False,False,0.8649,won,large_deal
PG4UQI8B,sana,Sana,Kan-code,GTX Plus Basic,90968,2017-08-27,2017-11-20,2017-Q4,3,True,False,False,0.4484,lost,
TPJNVDPH,karan,Karan,Kan-code,GTX Basic,45650,2017-08-27,2017-11-16,2017-Q4,1,True,False,False,0.4777,lost,
FG79OR5X,karan,Karan,Xx-holding,GTX Plus Basic,90968,2017-08-28,2017-11-19,2017-Q4,2,False,False,False,0.6914,won,
ZAY2J4I5,arjun,Arjun,Zoomit,MG Advanced,281619,2017-08-28,2017-09-10,2017-Q3,1,True,False,False,0.0863,lost,
233HYDSP,meera,Meera,Gogozoom,MG Special,4565,2017-08-29,2017-12-03,2017-Q4,3,False,True,False,0.7387,won,
C4KZVTYR,sana,Sana,Gekko & Co,GTX Basic,45650,2017-08-29,2017-11-11,2017-Q4,1,True,False,True,0.6923,won,
DZHIAZ5H,meera,Meera,Streethex,GTX Plus Basic,90968,2017-08-29,2017-09-05,2017-Q3,1,False,True,True,0.4812,lost,single_contact_no_finance
8838GIT9,rahul,Rahul,Plexzap,MG Special,4565,2017-08-30,2017-11-05,2017-Q4,3,False,False,False,0.4549,lost,
CQELCLO0,sana,Sana,Zathunicon,GTX Plus Basic,90968,2017-08-30,2017-12-29,2017-Q4,2,False,True,False,0.7344,won,
FC4ZD68R,priya,Priya,Warephase,GTX Pro,400143,2017-08-30,2017-11-15,2017-Q4,3,False,True,False,0.5797,lost,large_deal
O3Q5B86F,meera,Meera,Warephase,GTX Plus Basic,90968,2017-08-30,2017-12-26,2017-Q4,3,False,False,False,0.7713,won,
OFP1MLFY,priya,Priya,Statholdings,GTX Pro,400143,2017-08-30,2017-12-09,2017-Q4,2,True,True,False,0.7726,won,large_deal
PE3P7M7S,meera,Meera,Statholdings,MG Special,4565,2017-08-30,2017-09-08,2017-Q3,2,False,True,False,0.8431,won,
QKUULSVC,rahul,Rahul,Kan-code,GTX Pro,400143,2017-08-30,2017-11-16,2017-Q4,4,False,False,True,0.3611,lost,large_deal
RLHNEVYY,priya,Priya,Conecom,GTX Pro,400143,2017-08-30,2017-09-10,2017-Q3,1,True,False,True,0.7869,won,large_deal
WIHGFD8B,meera,Meera,Funholding,MG Special,4565,2017-08-30,2017-11-19,2017-Q4,2,True,False,True,0.4858,lost,
YH6ST9KT,priya,Priya,Treequote,MG Special,4565,2017-08-30,2017-08-31,2017-Q3,1,True,True,False,0.4615,lost,
6M77EGH7,sana,Sana,Ganjaflex,MG Advanced,281619,2017-08-31,2017-11-26,2017-Q4,1,True,True,False,0.9062,won,
QJV1UWL5,arjun,Arjun,Rantouch,MG Special,4565,2017-08-31,2017-12-20,2017-Q4,1,True,True,False,0.5432,won,
7OXU784Y,karan,Karan,Konex,MG Special,4565,2017-09-01,2017-11-25,2017-Q4,1,True,True,True,0.6251,won,
AAFPTXEB,meera,Meera,Treequote,MG Special,4565,2017-09-01,2017-11-08,2017-Q4,3,False,False,False,0.6143,won,
CAF97SA2,meera,Meera,Streethex,GTX Plus Basic,90968,2017-09-01,2017-11-13,2017-Q4,3,True,True,False,0.6159,won,
IV5UVG0R,karan,Karan,Sunnamplex,GTX Plus Pro,455006,2017-09-01,2017-09-17,2017-Q3,2,False,False,True,0.8187,won,large_deal
TDHFX8SC,karan,Karan,Hottechi,MG Special,4565,2017-09-01,2017-12-13,2017-Q4,4,False,True,True,0.7844,won,
ZBB9CDO4,karan,Karan,J-Texon,GTX Plus Basic,90968,2017-09-01,2017-09-18,2017-Q3,2,False,False,False,0.7665,won,
283Y9ULR,arjun,Arjun,Konex,MG Special,4565,2017-09-02,2017-09-23,2017-Q3,1,True,True,True,0.4834,won,
7XL4JYSB,rahul,Rahul,Blackzim,MG Advanced,281619,2017-09-02,2017-11-24,2017-Q4,1,True,False,False,0.4223,lost,
HEZ8H6MK,rahul,Rahul,Plusstrip,GTX Basic,45650,2017-09-02,2017-11-08,2017-Q4,2,False,True,False,0.9265,won,
I819UEG6,meera,Meera,Gogozoom,MG Special,4565,2017-09-02,2017-11-04,2017-Q4,3,False,False,False,0.4936,lost,
TXZTEEUJ,priya,Priya,Betatech,GTX Pro,400143,2017-09-02,2017-12-13,2017-Q4,3,True,True,True,0.3676,lost,large_deal
9868N4GB,sana,Sana,Xx-zobam,MG Advanced,281619,2017-09-03,2017-12-14,2017-Q4,1,False,False,False,0.7501,won,single_contact_no_finance
A30VAQHM,meera,Meera,Inity,MG Special,4565,2017-09-03,2017-11-21,2017-Q4,3,False,False,True,0.7171,won,
DV6WD759,arjun,Arjun,Newex,MG Advanced,281619,2017-09-03,2017-09-14,2017-Q3,4,True,True,True,0.4638,won,
ZH2TBHVZ,sana,Sana,Gekko & Co,GTX Basic,45650,2017-09-03,2017-09-08,2017-Q3,2,True,False,False,0.8996,won,
92IDH7MB,meera,Meera,Scottech,MG Special,4565,2017-09-04,2017-11-21,2017-Q4,2,True,False,True,0.6796,won,
HLX6W646,arjun,Arjun,Dalttechnology,GTX Plus Pro,455006,2017-09-04,2017-11-19,2017-Q4,2,True,True,True,0.6828,won,large_deal
2WPEOPIF,arjun,Arjun,Lexiqvolax,GTX Basic,45650,2017-09-05,2017-12-04,2017-Q4,2,False,False,False,0.2665,won,
5JS6JI3P,arjun,Arjun,Labdrill,MG Advanced,281619,2017-09-05,2017-11-21,2017-Q4,1,False,False,True,0.7466,won,single_contact_no_finance
DCZOTU5X,rahul,Rahul,Konex,GTX Basic,45650,2017-09-05,2017-11-13,2017-Q4,2,True,True,True,0.5296,lost,
XMCRTC2K,arjun,Arjun,Green-Plus,GTX Plus Pro,455006,2017-09-05,2017-11-07,2017-Q4,1,True,True,False,0.3691,won,large_deal
0J24X1Y0,karan,Karan,Lexiqvolax,MG Special,4565,2017-09-06,2017-09-15,2017-Q3,2,True,True,False,0.7995,won,
2WZU46RL,arjun,Arjun,Scotfind,GTX Pro,400143,2017-09-06,2017-12-16,2017-Q4,2,False,True,True,0.4345,won,large_deal
6BQMENQR,sana,Sana,Plussunin,GTX Pro,400143,2017-09-06,2017-11-03,2017-Q4,2,True,True,False,0.4534,lost,large_deal
8DPUST4Y,priya,Priya,Codehow,GTX Pro,400143,2017-09-06,2017-11-19,2017-Q4,3,True,True,False,0.6521,won,large_deal
S4YQYJPM,priya,Priya,Codehow,MG Special,4565,2017-09-06,2017-09-13,2017-Q3,2,False,False,True,0.8117,won,
98R4AZA8,rahul,Rahul,Plexzap,GTX Basic,45650,2017-09-07,2017-12-17,2017-Q4,1,False,True,True,0.7626,won,single_contact_no_finance
D9CS7EIY,meera,Meera,Ron-tech,GTX Plus Basic,90968,2017-09-07,2017-12-12,2017-Q4,3,True,False,True,0.8203,won,
DPDUK8RG,priya,Priya,Codehow,MG Advanced,281619,2017-09-07,2017-09-12,2017-Q3,1,True,True,True,0.7305,won,
RKI7OEP9,meera,Meera,Statholdings,MG Special,4565,2017-09-07,2017-11-18,2017-Q4,2,True,False,True,0.37,lost,
XO7D3NYR,arjun,Arjun,Condax,GTX Basic,45650,2017-09-07,2017-11-03,2017-Q4,1,True,False,False,0.5733,won,
3Y6REURA,meera,Meera,Funholding,GTX Plus Pro,455006,2017-09-08,2017-09-24,2017-Q3,2,True,False,False,0.9506,won,large_deal
5MFY1D4C,sana,Sana,Kan-code,GTX Basic,45650,2017-09-08,2017-09-18,2017-Q3,2,False,True,False,0.4721,lost,
6CV2KEKP,sana,Sana,Ontomedia,MG Advanced,281619,2017-09-08,2017-09-16,2017-Q3,2,False,True,False,0.449,lost,
BALJ5E9J,meera,Meera,Treequote,MG Special,4565,2017-09-08,2017-12-17,2017-Q4,1,True,False,True,0.3984,lost,
MOSX49BG,karan,Karan,Finjob,GTX Basic,45650,2017-09-08,2017-11-24,2017-Q4,3,True,True,True,0.7459,won,
SSEOGPPI,priya,Priya,Funholding,MG Advanced,281619,2017-09-08,2017-09-10,2017-Q3,4,True,True,False,0.65,won,
ZW5XV2QY,karan,Karan,Cheers,GTX Basic,45650,2017-09-08,2017-11-14,2017-Q4,1,False,False,True,0.3991,lost,single_contact_no_finance
2PXZ68OA,priya,Priya,Scottech,GTX Pro,400143,2017-09-09,2017-12-05,2017-Q4,2,True,False,True,0.6072,won,large_deal
4LVXK5H1,karan,Karan,J-Texon,GTX Plus Basic,90968,2017-09-09,2017-09-25,2017-Q3,1,False,True,True,0.7921,won,single_contact_no_finance
DXY9EZ55,arjun,Arjun,Hottechi,GTX Basic,45650,2017-09-09,2017-12-12,2017-Q4,3,False,False,True,0.6711,won,
OBCBK0XR,karan,Karan,Faxquote,MG Advanced,281619,2017-09-09,2017-11-30,2017-Q4,4,True,True,True,0.5906,lost,
TDVM9PDL,sana,Sana,Ganjaflex,GTX Basic,45650,2017-09-09,2017-12-26,2017-Q4,1,True,False,True,0.7298,won,
3KLVZN6M,rahul,Rahul,Cheers,GTX Basic,45650,2017-09-10,2017-12-05,2017-Q4,2,True,False,True,0.7601,won,
CS2ZS0B4,karan,Karan,Rantouch,GTX Plus Pro,455006,2017-09-10,2017-09-27,2017-Q3,3,True,True,True,0.5136,lost,large_deal
J1SCD7QL,priya,Priya,Rangreen,MG Advanced,281619,2017-09-10,2017-11-06,2017-Q4,1,True,True,True,0.5898,won,
MUUNQNG2,priya,Priya,Bioholding,GTX Plus Basic,90968,2017-09-10,2017-09-17,2017-Q3,4,False,True,False,0.8087,won,
R7LGVRHC,karan,Karan,J-Texon,GTX Pro,400143,2017-09-10,2017-11-12,2017-Q4,4,True,False,True,0.6656,won,large_deal
6KM4E0V1,priya,Priya,Inity,GTX Plus Pro,455006,2017-09-11,2017-11-19,2017-Q4,2,True,True,False,0.45,lost,large_deal
QPCY8RU0,rahul,Rahul,Doncon,GTX Basic,45650,2017-09-11,2017-11-24,2017-Q4,1,True,True,False,0.5295,lost,
R3NAMX4P,meera,Meera,Toughzap,GTX Plus Pro,455006,2017-09-11,2017-11-14,2017-Q4,3,True,True,True,0.6284,lost,large_deal
RDMKSDT0,karan,Karan,Plusstrip,GTX Plus Pro,455006,2017-09-11,2017-12-10,2017-Q4,1,True,False,True,0.85,won,large_deal
VYJ20GOM,meera,Meera,Cancity,MG Special,4565,2017-09-11,2017-11-17,2017-Q4,1,False,False,False,0.7783,won,single_contact_no_finance
4Z7LYTKN,meera,Meera,Treequote,GTX Plus Pro,455006,2017-09-12,2017-12-06,2017-Q4,1,False,True,False,0.6855,lost,single_contact_no_finance;large_deal
BPPV8ZSB,arjun,Arjun,Xx-holding,MG Special,4565,2017-09-12,2017-11-01,2017-Q4,4,True,True,False,0.1729,lost,
MX0QEMEB,meera,Meera,Statholdings,MG Advanced,281619,2017-09-12,2017-11-27,2017-Q4,1,True,True,False,0.2935,lost,
WRSA8PVU,priya,Priya,Finhigh,GTX Basic,45650,2017-09-12,2017-12-16,2017-Q4,3,True,True,False,0.7092,won,
Y25T06D2,meera,Meera,dambase,GTX Plus Basic,90968,2017-09-12,2017-12-26,2017-Q4,1,False,False,False,0.6803,won,single_contact_no_finance
B7BT5DB8,arjun,Arjun,Dalttechnology,MG Special,4565,2017-09-13,2017-11-29,2017-Q4,3,True,False,False,0.5971,won,
M3IFAMV2,sana,Sana,Ontomedia,MG Advanced,281619,2017-09-13,2017-11-29,2017-Q4,1,False,False,True,0.3762,lost,single_contact_no_finance
ZQC7YA4X,karan,Karan,Kan-code,GTX Pro,400143,2017-09-13,2017-11-17,2017-Q4,1,True,False,True,0.4199,lost,large_deal
6CXJOT2A,karan,Karan,Fasehatice,GTX Pro,400143,2017-09-14,2017-09-16,2017-Q3,2,False,False,False,0.9065,won,large_deal
F0KWRLK1,arjun,Arjun,Konex,GTX Pro,400143,2017-09-14,2017-11-15,2017-Q4,2,True,False,False,0.5209,won,large_deal
GPVQIS5U,rahul,Rahul,Plexzap,GTX Pro,400143,2017-09-14,2017-09-30,2017-Q3,2,False,False,False,0.4413,lost,large_deal
LI9RCAQ6,rahul,Rahul,Scotfind,GTX Pro,400143,2017-09-14,2017-11-01,2017-Q4,1,False,True,False,0.7786,won,single_contact_no_finance;large_deal
Y9NTV3K5,karan,Karan,Labdrill,MG Advanced,281619,2017-09-14,2017-09-23,2017-Q3,2,False,True,True,0.7961,won,
V6RULHFZ,arjun,Arjun,Fasehatice,MG Special,4565,2017-09-15,2017-12-30,2017-Q4,3,True,False,True,0.1336,lost,
55YURJ2E,meera,Meera,Streethex,MG Special,4565,2017-09-16,2017-12-30,2017-Q4,3,False,False,True,0.739,won,
ASK5U1TD,sana,Sana,Zathunicon,GTX Plus Basic,90968,2017-09-16,2017-11-22,2017-Q4,1,False,True,True,0.6757,won,single_contact_no_finance
DY8DMZZ9,arjun,Arjun,Unknown,GTX Plus Pro,455006,2017-09-16,,2017-Q3,2,False,False,True,0.386,pending,large_deal
M3QL68T6,arjun,Arjun,Plexzap,GTX Basic,45650,2017-09-16,2017-12-04,2017-Q4,1,False,False,False,0.5451,won,single_contact_no_finance
Q3K6K5V9,arjun,Arjun,Zoomit,MG Special,4565,2017-09-16,2017-12-26,2017-Q4,2,False,False,True,0.5934,won,
RZB6Q4FX,sana,Sana,Ganjaflex,GTX Plus Basic,90968,2017-09-16,2017-09-21,2017-Q3,4,False,True,False,0.6691,won,
T49Q4GWU,sana,Sana,Plussunin,MG Advanced,281619,2017-09-16,2017-12-25,2017-Q4,2,False,True,False,0.813,won,
ZIEI8JM3,meera,Meera,Ron-tech,MG Special,4565,2017-09-16,2017-12-07,2017-Q4,3,True,False,True,0.678,won,
L7CFCOR6,priya,Priya,Conecom,GTX Plus Pro,455006,2017-09-17,2017-11-28,2017-Q4,3,True,True,True,0.7579,won,large_deal;end_of_quarter
PAQ6EKHB,karan,Karan,Unknown,GTX Basic,45650,2017-09-17,,2017-Q3,1,True,True,True,0.6878,pending,end_of_quarter
3DM5SSI5,priya,Priya,Warephase,GTX Pro,400143,2017-09-18,2017-11-05,2017-Q4,2,False,False,True,0.7934,won,large_deal;end_of_quarter
524QUXI2,sana,Sana,Xx-zobam,GTX Plus Pro,455006,2017-09-18,2017-11-26,2017-Q4,1,False,False,False,0.4477,lost,single_contact_no_finance;large_deal;end_of_quarter
OJOJPNL6,rahul,Rahul,Singletechno,GTX Plus Pro,455006,2017-09-18,2017-11-21,2017-Q4,3,False,False,False,0.6727,lost,large_deal;end_of_quarter
USL5PZ4O,priya,Priya,Stanredtax,GTX Pro,400143,2017-09-18,2017-12-06,2017-Q4,4,False,True,True,0.838,won,large_deal;end_of_quarter
3IBBBGM4,rahul,Rahul,Fasehatice,GTX Basic,45650,2017-09-19,2017-11-18,2017-Q4,1,True,False,False,0.935,won,end_of_quarter
9N7LHW38,karan,Karan,Newex,GTX Pro,400143,2017-09-19,2017-09-29,2017-Q3,3,True,False,True,0.421,lost,large_deal;end_of_quarter
BKMYW792,karan,Karan,Nam-zim,MG Advanced,281619,2017-09-19,2017-11-27,2017-Q4,1,True,False,True,0.5142,lost,end_of_quarter
6C2CJX31,sana,Sana,Kan-code,GTX Plus Basic,90968,2017-09-20,2017-12-23,2017-Q4,2,False,False,False,0.3235,lost,end_of_quarter
HXRF96S3,arjun,Arjun,Labdrill,MG Special,4565,2017-09-20,2017-12-15,2017-Q4,2,True,False,False,0.5268,won,end_of_quarter
TEM0I59X,karan,Karan,Lexiqvolax,GTX Plus Pro,455006,2017-09-20,2017-12-09,2017-Q4,3,True,False,False,0.6905,won,large_deal;end_of_quarter
4OPFJFRO,rahul,Rahul,Plexzap,GTX Pro,400143,2017-09-21,2017-11-14,2017-Q4,1,False,False,False,0.9274,won,single_contact_no_finance;large_deal;end_of_quarter
ABMOVF1A,meera,Meera,Toughzap,MG Special,4565,2017-09-21,2017-09-30,2017-Q3,1,False,True,False,0.7063,won,single_contact_no_finance;end_of_quarter
BUHR2X8U,rahul,Rahul,Green-Plus,GTX Basic,45650,2017-09-21,2017-12-30,2017-Q4,1,True,True,True,0.97,won,end_of_quarter
F34QYKQJ,sana,Sana,Betasoloin,GTX Pro,400143,2017-09-21,2017-11-30,2017-Q4,1,True,False,True,0.4272,lost,large_deal;end_of_quarter
NOLWR5EX,karan,Karan,Sunnamplex,GTX Plus Basic,90968,2017-09-21,2017-10-02,2017-Q4,4,False,True,False,0.4434,lost,end_of_quarter
55ZNV61S,sana,Sana,Bioplex,GTX Basic,45650,2017-09-22,2017-10-04,2017-Q4,4,True,True,False,0.4396,lost,end_of_quarter
6PQS93V2,sana,Sana,Vehement Capital Partners,GTX Pro,400143,2017-09-22,2017-10-04,2017-Q4,1,False,False,True,0.7427,won,single_contact_no_finance;large_deal;end_of_quarter
9XF2B7RS,karan,Karan,Fasehatice,GTX Basic,45650,2017-09-22,2017-09-28,2017-Q3,2,True,True,True,0.6348,won,end_of_quarter
O7U4I96P,arjun,Arjun,Scotfind,MG Special,4565,2017-09-22,2017-09-29,2017-Q3,1,False,True,False,0.474,won,single_contact_no_finance;end_of_quarter
Y3QBGJLM,arjun,Arjun,Blackzim,MG Special,4565,2017-09-22,2017-12-30,2017-Q4,2,False,False,True,0.3906,won,end_of_quarter
F3BJAMUL,karan,Karan,Rantouch,MG Special,4565,2017-09-23,2017-11-19,2017-Q4,2,False,False,False,0.7967,won,end_of_quarter
O04P1WN6,arjun,Arjun,Hottechi,GTX Pro,400143,2017-09-23,2017-12-17,2017-Q4,1,False,False,False,0.4921,won,single_contact_no_finance;large_deal;end_of_quarter
5BRWXIU3,meera,Meera,Codehow,MG Special,4565,2017-09-24,2017-11-27,2017-Q4,2,False,False,True,0.4884,lost,end_of_quarter
8DDC9RLE,arjun,Arjun,J-Texon,MG Advanced,281619,2017-09-24,2017-12-15,2017-Q4,1,False,False,True,0.4099,won,single_contact_no_finance;end_of_quarter
DDXFIBEY,meera,Meera,Treequote,GTX Plus Pro,455006,2017-09-24,2017-11-23,2017-Q4,3,True,False,True,0.7856,lost,large_deal;end_of_quarter
R2E45IQ8,priya,Priya,Conecom,GTX Plus Pro,455006,2017-09-24,2017-10-03,2017-Q4,1,False,False,True,0.97,won,single_contact_no_finance;large_deal;end_of_quarter
UWZHNMR4,arjun,Arjun,Blackzim,GTX Plus Pro,455006,2017-09-24,2017-11-26,2017-Q4,2,False,False,True,0.5504,won,large_deal;end_of_quarter
UX0H8B3W,sana,Sana,Donware,GTX Plus Pro,455006,2017-09-24,2017-11-16,2017-Q4,1,True,True,False,0.41,lost,large_deal;end_of_quarter
4YXXI2OI,meera,Meera,Codehow,MG Special,4565,2017-09-25,2017-12-18,2017-Q4,1,True,True,True,0.774,won,end_of_quarter
TFGYLK6C,meera,Meera,Inity,GTX Basic,45650,2017-09-25,2017-10-04,2017-Q4,2,False,True,False,0.4968,lost,end_of_quarter
61ON3Y6O,priya,Priya,Streethex,MG Special,4565,2017-09-26,2017-10-02,2017-Q4,3,False,True,False,0.38,lost,end_of_quarter
8KIMVD15,meera,Meera,Cancity,MG Special,4565,2017-09-26,2017-10-06,2017-Q4,1,True,True,True,0.4698,lost,end_of_quarter
HOEKIDDI,sana,Sana,Ganjaflex,GTX Pro,400143,2017-09-26,2017-11-13,2017-Q4,3,False,True,False,0.3947,lost,large_deal;end_of_quarter
MC3OSDV0,rahul,Rahul,Sunnamplex,MG Special,4565,2017-09-26,2017-10-02,2017-Q4,1,True,True,True,0.97,won,end_of_quarter
QFKL9UK2,rahul,Rahul,J-Texon,GTX Pro,400143,2017-09-26,2017-10-05,2017-Q4,2,True,True,False,0.97,won,large_deal;end_of_quarter
SI874ZK5,sana,Sana,Silis,GTX Pro,400143,2017-09-27,2017-10-06,2017-Q4,1,False,False,True,0.4314,lost,single_contact_no_finance;large_deal;end_of_quarter
ZP9HW0LH,arjun,Arjun,Kan-code,MG Advanced,281619,2017-09-27,2017-10-03,2017-Q4,4,True,True,True,0.6629,won,end_of_quarter
369V78M2,sana,Sana,Mathtouch,GTX Pro,400143,2017-09-28,2017-10-07,2017-Q4,1,True,False,False,0.7122,won,large_deal;end_of_quarter
ORBIW519,sana,Sana,Plussunin,MG Advanced,281619,2017-09-28,2017-12-19,2017-Q4,3,False,False,False,0.3945,lost,end_of_quarter
K25Z2KKH,priya,Priya,Streethex,GTX Plus Basic,90968,2017-09-29,2017-10-05,2017-Q4,4,False,False,True,0.5324,lost,end_of_quarter
LZ3B174J,arjun,Arjun,Unknown,MG Special,4565,2017-09-29,,2017-Q3,2,False,False,False,0.4803,pending,end_of_quarter
U3F5X6BB,sana,Sana,Bioplex,MG Special,4565,2017-09-29,2017-12-07,2017-Q4,4,False,False,False,0.4342,lost,end_of_quarter
W40IER4O,arjun,Arjun,Sonron,MG Special,4565,2017-09-29,2017-12-08,2017-Q4,2,True,True,True,0.5261,won,end_of_quarter
3E09X4S2,rahul,Rahul,Rantouch,GTX Basic,45650,2017-09-30,2017-10-08,2017-Q4,2,False,True,True,0.8997,lost,end_of_quarter
9HWUTUXQ,arjun,Arjun,Lexiqvolax,GTX Basic,45650,2017-09-30,2017-10-09,2017-Q4,1,True,True,True,0.3137,lost,end_of_quarter
FSBZ3KOY,meera,Meera,Toughzap,GTX Plus Pro,455006,2017-09-30,2017-10-01,2017-Q4,1,True,False,True,0.6231,lost,large_deal;end_of_quarter
5B3BKUMD,meera,Meera,Finhigh,GTX Basic,45650,2017-10-01,2017-10-11,2017-Q4,1,True,False,False,0.3081,lost,
CU7KT53A,arjun,Arjun,Goodsilron,MG Advanced,281619,2017-10-01,2017-12-16,2017-Q4,2,True,False,True,0.6182,won,
FHCSKQ4K,sana,Sana,Bluth Company,GTX Plus Pro,455006,2017-10-01,2017-12-30,2017-Q4,1,True,False,False,0.7617,won,large_deal
M3SQPUB1,karan,Karan,Green-Plus,GTX Plus Pro,455006,2017-10-01,2017-10-13,2017-Q4,2,True,False,False,0.7562,won,large_deal
RMFG5C6C,priya,Priya,Globex Corporation,GTX Pro,400143,2017-10-01,2017-10-09,2017-Q4,1,True,True,True,0.8125,won,large_deal
TYLSS719,karan,Karan,Goodsilron,GTX Basic,45650,2017-10-01,2017-12-03,2017-Q4,2,True,True,True,0.5055,lost,
U2JOATN3,priya,Priya,Scottech,GTX Pro,400143,2017-10-01,2017-12-06,2017-Q4,2,True,False,False,0.6974,won,large_deal
6HDTZCCM,meera,Meera,Warephase,GTX Plus Pro,455006,2017-10-02,2017-10-14,2017-Q4,1,False,True,True,0.6275,lost,single_contact_no_finance;large_deal
FQODPHUL,rahul,Rahul,Hatfan,GTX Basic,45650,2017-10-02,2017-11-04,2017-Q4,1,True,True,True,0.7691,won,
TSU40NIZ,karan,Karan,Groovestreet,GTX Pro,400143,2017-10-02,2017-10-04,2017-Q4,1,True,False,False,0.4428,lost,large_deal
TWGFQS8L,priya,Priya,Cancity,GTX Plus Basic,90968,2017-10-02,2017-10-12,2017-Q4,1,False,True,True,0.755,lost,single_contact_no_finance
UKXRWZ3P,priya,Priya,Codehow,GTX Plus Pro,455006,2017-10-02,2017-10-04,2017-Q4,3,True,True,True,0.6229,won,large_deal
VSN0PA06,karan,Karan,Sunnamplex,GTX Plus Basic,90968,2017-10-02,2017-10-03,2017-Q4,4,False,True,False,0.6907,won,
AOIM2Y7M,sana,Sana,Zotware,MG Advanced,281619,2017-10-03,2017-10-05,2017-Q4,1,True,True,True,0.6022,won,
L67B6CU2,meera,Meera,Rundofase,GTX Plus Pro,455006,2017-10-03,2017-10-09,2017-Q4,1,True,False,False,0.7452,lost,large_deal
MYD4PBM9,rahul,Rahul,Unknown,GTX Basic,45650,2017-10-03,,2017-Q4,4,True,False,False,0.6938,pending,
ZVEH26GP,karan,Karan,J-Texon,GTX Plus Basic,90968,2017-10-03,2017-10-08,2017-Q4,1,True,False,True,0.8007,won,
KDY5FEUO,arjun,Arjun,Y-corporation,GTX Basic,45650,2017-10-04,2017-12-20,2017-Q4,2,True,True,False,0.5102,won,
L6WEVHEN,meera,Meera,Gogozoom,MG Special,4565,2017-10-04,2017-12-16,2017-Q4,1,False,True,True,0.6003,won,single_contact_no_finance
L7TT9ZL4,priya,Priya,Finhigh,GTX Plus Pro,455006,2017-10-04,2017-12-21,2017-Q4,1,True,False,True,0.7103,won,large_deal
NMF60XWK,meera,Meera,Cancity,MG Special,4565,2017-10-04,2017-10-13,2017-Q4,1,True,False,False,0.5273,lost,
3Q5R6HAY,arjun,Arjun,Doncon,MG Advanced,281619,2017-10-05,2017-10-08,2017-Q4,1,False,False,False,0.6471,won,single_contact_no_finance
HM4ZINFJ,sana,Sana,Zathunicon,MG Advanced,281619,2017-10-05,2017-10-10,2017-Q4,3,False,False,False,0.5595,lost,
JAG873Y3,meera,Meera,Hottechi,MG Special,4565,2017-10-05,2017-10-12,2017-Q4,1,False,False,False,0.4519,lost,single_contact_no_finance
M3RME16Q,priya,Priya,Inity,GTX Pro,400143,2017-10-05,2017-10-14,2017-Q4,1,True,True,False,0.9422,won,large_deal
TFZMFOH9,karan,Karan,Finjob,GTX Pro,400143,2017-10-05,2017-11-24,2017-Q4,3,False,True,True,0.7445,won,large_deal
VVE9HGLD,rahul,Rahul,Unknown,GTX Pro,400143,2017-10-05,,2017-Q4,3,True,False,True,0.7734,pending,large_deal
YPRHMUIB,priya,Priya,Stanredtax,GTX Pro,400143,2017-10-05,2017-12-22,2017-Q4,3,True,False,True,0.7709,won,large_deal
52IHI8JD,meera,Meera,Funholding,MG Special,4565,2017-10-06,2017-11-24,2017-Q4,2,False,True,True,0.52,lost,
EM1W738H,priya,Priya,dambase,GTX Plus Pro,455006,2017-10-06,2017-11-22,2017-Q4,1,False,True,False,0.9208,won,single_contact_no_finance;large_deal
M4NNI01I,sana,Sana,Yearin,GTX Plus Basic,90968,2017-10-06,2017-10-16,2017-Q4,4,False,True,False,0.4976,lost,
1XO519P4,priya,Priya,Genco Pura Olive Oil Company,MG Special,4565,2017-10-07,2017-12-30,2017-Q4,1,True,True,True,0.8074,won,
GJX7YGIF,karan,Karan,Plexzap,GTX Basic,45650,2017-10-07,2017-11-25,2017-Q4,4,True,False,False,0.3872,lost,
JQK0EF45,meera,Meera,Streethex,GTX Plus Pro,455006,2017-10-07,2017-10-13,2017-Q4,4,True,True,False,0.97,won,large_deal
0IAJNXTD,priya,Priya,Domzoom,MG Special,4565,2017-10-08,2017-10-10,2017-Q4,3,False,False,False,0.3474,lost,
60QEB2FZ,rahul,Rahul,Fasehatice,GTX Plus Pro,455006,2017-10-08,2017-10-16,2017-Q4,2,True,True,True,0.729,won,large_deal
8ZIX3LAF,arjun,Arjun,Newex,MG Advanced,281619,2017-10-08,2017-10-09,2017-Q4,2,False,True,False,0.4513,won,
7FGVY6GK,karan,Karan,Konex,GTX Basic,45650,2017-10-09,2017-10-10,2017-Q4,4,True,True,False,0.6831,won,
8F7VHV02,karan,Karan,Finjob,GTX Basic,45650,2017-10-09,2017-12-22,2017-Q4,2,False,True,False,0.823,won,
94GJ7WZV,priya,Priya,Statholdings,GTX Pro,400143,2017-10-09,2017-10-10,2017-Q4,2,True,True,False,0.4123,lost,large_deal
H9M21153,meera,Meera,Ron-tech,MG Advanced,281619,2017-10-09,2017-10-20,2017-Q4,2,False,False,False,0.5968,won,
3F2EMUQ7,rahul,Rahul,Scotfind,GTX Plus Basic,90968,2017-10-10,2017-10-11,2017-Q4,1,True,False,False,0.5189,lost,
7J1UD7ZW,rahul,Rahul,Hottechi,GTX Basic,45650,2017-10-10,2017-10-12,2017-Q4,2,False,False,False,0.763,won,
941E65Z7,arjun,Arjun,Plusstrip,GTX Pro,400143,2017-10-10,2017-10-12,2017-Q4,2,True,False,False,0.5108,won,large_deal
IQ9GMTBR,karan,Karan,Dalttechnology,GTX Basic,45650,2017-10-10,2017-10-11,2017-Q4,1,True,False,False,0.8072,won,
O8QGRK5P,rahul,Rahul,Sunnamplex,GTX Basic,45650,2017-10-10,2017-10-14,2017-Q4,1,True,False,False,0.7484,won,
OHD4TPKZ,meera,Meera,Gogozoom,GTX Plus Basic,90968,2017-10-10,2017-10-11,2017-Q4,2,True,True,False,0.6981,won,
VR6NO9FA,rahul,Rahul,Labdrill,GTX Basic,45650,2017-10-10,2017-10-22,2017-Q4,1,True,True,True,0.7736,won,
ZR8H455M,rahul,Rahul,Groovestreet,GTX Basic,45650,2017-10-10,2017-10-14,2017-Q4,4,True,True,False,0.4265,lost,
0UOIGVEO,sana,Sana,Gekko & Co,MG Advanced,281619,2017-10-11,2017-10-20,2017-Q4,3,True,True,False,0.7574,won,
46JP2TQB,priya,Priya,Globex Corporation,GTX Plus Basic,90968,2017-10-11,2017-10-19,2017-Q4,1,False,True,True,0.7569,lost,single_contact_no_finance
4VZ0JIVZ,meera,Meera,Scottech,MG Advanced,281619,2017-10-11,2017-10-16,2017-Q4,3,True,False,False,0.7223,won,
GVLIYD9A,arjun,Arjun,Y-corporation,GTX Basic,45650,2017-10-11,2017-12-11,2017-Q4,3,True,True,False,0.4662,won,
KMBY0IGV,karan,Karan,Dalttechnology,MG Special,4565,2017-10-11,2017-10-12,2017-Q4,3,True,True,True,0.6475,won,
KP8ZZ3Y6,rahul,Rahul,Labdrill,GTX Plus Basic,90968,2017-10-11,2017-12-23,2017-Q4,4,False,True,False,0.4899,lost,
M1ZZYSTB,sana,Sana,Bubba Gump,GTX Pro,400143,2017-10-11,2017-10-12,2017-Q4,3,True,False,True,0.8897,won,large_deal
SBF5S7LF,rahul,Rahul,Hatfan,GTX Plus Pro,455006,2017-10-11,2017-10-21,2017-Q4,4,True,False,True,0.6691,won,large_deal
K0YFUK4X,karan,Karan,Scotfind,GTX Basic,45650,2017-10-12,2017-11-02,2017-Q4,1,False,False,False,0.8159,won,single_contact_no_finance
0V9YEQDU,meera,Meera,Treequote,MG Special,4565,2017-10-13,2017-10-22,2017-Q4,1,False,True,False,0.2022,lost,single_contact_no_finance
5HDKACI4,sana,Sana,Initech,GTX Basic,45650,2017-10-13,2017-10-15,2017-Q4,1,True,True,False,0.369,lost,
GVEUKZ72,sana,Sana,Donware,MG Special,4565,2017-10-13,2017-12-09,2017-Q4,1,False,True,True,0.3779,lost,single_contact_no_finance
H54N095V,priya,Priya,Gogozoom,GTX Pro,400143,2017-10-13,2017-10-24,2017-Q4,4,True,False,True,0.6921,won,large_deal
QCBO7C6E,karan,Karan,Unknown,GTX Plus Basic,90968,2017-10-13,,2017-Q4,2,False,True,True,0.5834,pending,
YHOVVBSP,sana,Sana,Kan-code,MG Advanced,281619,2017-10-13,2017-12-10,2017-Q4,4,True,True,True,0.4783,lost,
36PET9WM,priya,Priya,Stanredtax,GTX Pro,400143,2017-10-14,2017-10-15,2017-Q4,2,True,False,True,0.4596,lost,large_deal
3W1Y39BY,sana,Sana,Silis,GTX Pro,400143,2017-10-14,2017-10-24,2017-Q4,1,False,True,False,0.6453,won,single_contact_no_finance;large_deal
DYYJW46L,arjun,Arjun,Unknown,GTX Plus Pro,455006,2017-10-14,,2017-Q4,2,False,True,False,0.5073,pending,large_deal
EVKQXZV6,arjun,Arjun,Green-Plus,MG Special,4565,2017-10-14,2017-11-01,2017-Q4,2,True,False,True,0.1362,lost,
IHJEX21Z,karan,Karan,Newex,GTX Basic,45650,2017-10-14,2017-12-03,2017-Q4,4,True,False,True,0.7165,won,
R0S5FZ1G,sana,Sana,Donware,MG Special,4565,2017-10-14,2017-11-01,2017-Q4,3,False,True,False,0.3198,lost,
03R1VC7O,sana,Sana,Condax,GTX Plus Basic,90968,2017-10-15,2017-10-28,2017-Q4,1,False,False,False,0.7497,won,single_contact_no_finance
94JOUSW7,rahul,Rahul,Finjob,GTX Basic,45650,2017-10-15,2017-10-23,2017-Q4,2,False,False,False,0.2814,lost,
9RC58SP0,rahul,Rahul,Konex,GTX Basic,45650,2017-10-15,2017-10-26,2017-Q4,2,True,False,False,0.5142,lost,
XFNYWN7B,rahul,Rahul,Xx-holding,GTX Plus Basic,90968,2017-10-15,2017-10-16,2017-Q4,3,True,True,False,0.7771,won,
0W8VWJDS,arjun,Arjun,Lexiqvolax,MG Special,4565,2017-10-16,2017-10-18,2017-Q4,2,True,True,False,0.5323,won,
48HBI36Y,rahul,Rahul,Nam-zim,GTX Basic,45650,2017-10-16,2017-11-12,2017-Q4,1,False,False,False,0.7405,won,single_contact_no_finance
8U59BH8O,rahul,Rahul,Faxquote,GTX Basic,45650,2017-10-16,2017-10-26,2017-Q4,1,True,True,True,0.4927,lost,
BZR75SK1,rahul,Rahul,Singletechno,GTX Basic,45650,2017-10-16,2017-10-21,2017-Q4,3,True,False,True,0.3766,lost,
CX3PZ8DP,sana,Sana,Initech,GTX Basic,45650,2017-10-16,2017-10-26,2017-Q4,1,True,False,False,0.5291,lost,
GB3S67FY,arjun,Arjun,Condax,GTX Pro,400143,2017-10-16,2017-10-25,2017-Q4,3,True,False,True,0.3835,won,large_deal
ME7IZ1WY,rahul,Rahul,Dalttechnology,MG Special,4565,2017-10-16,2017-10-24,2017-Q4,4,True,False,True,0.8923,won,
R5ILWVDD,meera,Meera,Stanredtax,MG Special,4565,2017-10-16,2017-12-13,2017-Q4,4,False,True,False,0.8886,won,
02G0NJCN,arjun,Arjun,Xx-holding,MG Special,4565,2017-10-17,2017-10-26,2017-Q4,3,False,True,True,0.5632,won,
9YOGUMN9,priya,Priya,Rundofase,GTX Pro,400143,2017-10-17,2017-10-24,2017-Q4,2,True,True,True,0.5378,lost,large_deal
C933ZQBB,priya,Priya,Cancity,GTX Pro,400143,2017-10-17,2017-10-23,2017-Q4,1,False,False,True,0.97,won,single_contact_no_finance;large_deal
OFC7ZTU8,karan,Karan,Unknown,GTX Pro,400143,2017-10-17,,2017-Q4,1,False,True,False,0.6982,pending,single_contact_no_finance;large_deal
DXAO9R8N,arjun,Arjun,Rantouch,MG Advanced,281619,2017-10-18,2017-10-27,2017-Q4,3,True,False,True,0.5141,won,
IHBYI8IO,karan,Karan,Groovestreet,MG Advanced,281619,2017-10-18,2017-10-24,2017-Q4,3,True,False,False,0.6304,won,
M5NUUVA4,rahul,Rahul,Dalttechnology,GTX Basic,45650,2017-10-18,2017-11-22,2017-Q4,2,True,False,True,0.3867,lost,
QG7RGODO,karan,Karan,Plexzap,GTX Pro,400143,2017-10-18,2017-10-26,2017-Q4,1,False,False,False,0.631,lost,single_contact_no_finance;large_deal
VVM450RP,rahul,Rahul,Plusstrip,MG Special,4565,2017-10-18,2017-12-17,2017-Q4,4,True,True,False,0.8554,won,
XKYQ16FS,rahul,Rahul,Nam-zim,MG Special,4565,2017-10-18,2017-11-05,2017-Q4,1,False,True,False,0.4151,lost,single_contact_no_finance
ZXIHEEV2,arjun,Arjun,Doncon,GTX Basic,45650,2017-10-18,2017-12-31,2017-Q4,3,True,False,False,0.1957,lost,
4S17VJ7O,rahul,Rahul,Unknown,MG Advanced,281619,2017-10-19,,2017-Q4,3,False,False,True,0.4165,pending,
BZGJ44FH,karan,Karan,Unknown,GTX Pro,400143,2017-10-19,,2017-Q4,2,True,True,False,0.6422,pending,large_deal
LM3GZYXD,priya,Priya,Finhigh,GTX Pro,400143,2017-10-19,2017-10-28,2017-Q4,4,False,True,False,0.5207,lost,large_deal
OS59LIZX,arjun,Arjun,J-Texon,GTX Pro,400143,2017-10-19,2017-10-26,2017-Q4,2,False,True,False,0.3402,lost,large_deal
PN0IWJ0N,meera,Meera,Hottechi,GTX Plus Basic,90968,2017-10-19,2017-10-30,2017-Q4,1,True,False,False,0.7884,won,
UUCSEHJX,priya,Priya,Warephase,GTX Plus Pro,455006,2017-10-19,2017-10-27,2017-Q4,2,True,False,True,0.7414,won,large_deal
WA0NRLP7,arjun,Arjun,Groovestreet,GTX Plus Pro,455006,2017-10-19,2017-10-20,2017-Q4,2,False,True,False,0.5917,won,large_deal
6D7N5SQ7,arjun,Arjun,Lexiqvolax,MG Special,4565,2017-10-20,2017-10-28,2017-Q4,2,False,False,True,0.2643,lost,
DQIKGS2U,arjun,Arjun,Dalttechnology,MG Special,4565,2017-10-20,2017-11-03,2017-Q4,1,False,False,True,0.5466,won,single_contact_no_finance
DTFLKV60,meera,Meera,Dontechi,MG Advanced,281619,2017-10-20,2017-10-21,2017-Q4,4,False,True,False,0.5193,lost,
MJODFG6C,arjun,Arjun,Green-Plus,MG Special,4565,2017-10-20,2017-10-27,2017-Q4,1,False,False,False,0.275,lost,single_contact_no_finance
NJ1YGDZW,priya,Priya,Stanredtax,GTX Pro,400143,2017-10-20,2017-10-28,2017-Q4,1,False,False,True,0.97,won,single_contact_no_finance;large_deal
RELG4CYQ,meera,Meera,Gogozoom,MG Special,4565,2017-10-20,2017-10-30,2017-Q4,1,False,True,False,0.7351,won,single_contact_no_finance
RYWETTBK,karan,Karan,Fasehatice,GTX Basic,45650,2017-10-20,,2017-Q4,4,True,True,False,0.689,pending,
09AILR04,priya,Priya,Statholdings,GTX Pro,400143,2017-10-21,2017-10-29,2017-Q4,1,True,True,False,0.7768,won,large_deal
A0FVQ8KO,rahul,Rahul,Labdrill,GTX Basic,45650,2017-10-21,2017-10-27,2017-Q4,4,True,True,True,0.8677,won,
BMQYRJC7,meera,Meera,Codehow,GTX Plus Pro,455006,2017-10-21,2017-12-16,2017-Q4,2,False,True,True,0.8732,won,large_deal
KY1CESUN,sana,Sana,The New York Inquirer,GTX Plus Pro,455006,2017-10-21,2017-10-29,2017-Q4,4,True,False,True,0.3692,lost,large_deal
CC2ICRAG,priya,Priya,Rundofase,GTX Plus Basic,90968,2017-10-22,2017-12-29,2017-Q4,1,True,False,True,0.7722,won,
RDC531P5,priya,Priya,Inity,GTX Pro,400143,2017-10-22,2017-10-30,2017-Q4,4,True,True,False,0.5995,won,large_deal
4Z84VV2P,rahul,Rahul,Y-corporation,GTX Pro,400143,2017-10-23,2017-11-05,2017-Q4,4,True,True,True,0.7247,won,large_deal
7PEL3AIZ,priya,Priya,Isdom,GTX Pro,400143,2017-10-23,2017-10-24,2017-Q4,2,False,False,True,0.6569,won,large_deal
CUJIRCWV,arjun,Arjun,Condax,MG Special,4565,2017-10-23,2017-12-28,2017-Q4,3,False,True,True,0.5138,won,
IQAP70OD,priya,Priya,Streethex,GTX Plus Basic,90968,2017-10-23,2017-10-29,2017-Q4,4,True,False,True,0.713,won,
JL358E5T,sana,Sana,Silis,GTX Basic,45650,2017-10-23,2017-12-12,2017-Q4,1,False,False,False,0.9116,won,single_contact_no_finance
X7MN9ROG,arjun,Arjun,Unknown,GTX Plus Pro,455006,2017-10-23,,2017-Q4,2,False,True,False,0.2202,pending,large_deal
AS2BKSCT,priya,Priya,Codehow,GTX Plus Basic,90968,2017-10-24,2017-11-08,2017-Q4,1,False,True,False,0.558,lost,single_contact_no_finance
SQW60VII,karan,Karan,Fasehatice,MG Advanced,281619,2017-10-24,2017-10-26,2017-Q4,2,True,True,False,0.4069,lost,
35GT4NM9,sana,Sana,Acme Corporation,GTX Basic,45650,2017-10-25,2017-11-05,2017-Q4,2,True,False,False,0.8274,won,
8W9YXI59,meera,Meera,Cancity,MG Special,4565,2017-10-25,2017-11-26,2017-Q4,2,False,False,False,0.6306,won,
31IV2B9O,arjun,Arjun,Unknown,GTX Basic,45650,2017-10-26,,2017-Q4,3,False,False,True,0.4035,pending,
3PIPAOVU,meera,Meera,Finhigh,MG Special,4565,2017-10-26,2017-12-28,2017-Q4,3,True,True,False,0.6604,won,
63S5SNBC,meera,Meera,Domzoom,GTX Plus Basic,90968,2017-10-26,2017-10-27,2017-Q4,1,True,False,False,0.7505,won,
BZG9DI4Z,arjun,Arjun,Blackzim,GTX Basic,45650,2017-10-26,2017-10-28,2017-Q4,4,False,True,True,0.2805,lost,
E2R39451,arjun,Arjun,Groovestreet,GTX Basic,45650,2017-10-26,2017-10-27,2017-Q4,2,False,True,True,0.2236,lost,
FL804BH8,priya,Priya,Isdom,GTX Pro,400143,2017-10-26,2017-10-30,2017-Q4,1,False,False,False,0.7214,lost,single_contact_no_finance;large_deal
MFYR7SSG,karan,Karan,Plexzap,MG Special,4565,2017-10-27,2017-12-15,2017-Q4,1,False,False,True,0.7588,won,single_contact_no_finance
PP4ZY6TZ,priya,Priya,Treequote,GTK 500,2221744,2017-10-27,2017-11-10,2017-Q4,1,False,False,False,0.7902,lost,single_contact_no_finance;large_deal
L3PLDC1Y,priya,Priya,Codehow,GTX Pro,400143,2017-10-29,2017-10-30,2017-Q4,1,True,True,True,0.8073,won,large_deal
P2YWZPES,arjun,Arjun,Konex,GTX Basic,45650,2017-10-30,2017-11-04,2017-Q4,4,True,False,True,0.6464,won,
2DT70XCQ,sana,Sana,Plussunin,GTX Basic,45650,2017-10-31,2017-11-08,2017-Q4,4,True,True,False,0.6947,won,
3Z9AX43T,priya,Priya,Cancity,GTX Pro,400143,2017-10-31,2017-12-22,2017-Q4,1,False,False,True,0.8166,lost,single_contact_no_finance;large_deal
5JO7SIGB,priya,Priya,Conecom,GTX Pro,400143,2017-10-31,2017-11-10,2017-Q4,2,True,True,True,0.4623,lost,large_deal
8MQPNCCU,sana,Sana,Ganjaflex,GTX Basic,45650,2017-10-31,2017-11-09,2017-Q4,2,False,True,False,0.7833,won,
ESNS1OS9,karan,Karan,Kan-code,GTX Plus Pro,455006,2017-10-31,2017-11-07,2017-Q4,1,True,False,True,0.7278,won,large_deal
KLBW3TOH,karan,Karan,Goodsilron,GTX Plus Pro,455006,2017-10-31,2017-11-09,2017-Q4,3,False,False,False,0.8848,won,large_deal
JRCD2VQY,karan,Karan,Fasehatice,MG Advanced,281619,2017-11-01,2017-11-06,2017-Q4,2,True,True,True,0.6774,won,
UZ83LE9X,arjun,Arjun,Xx-holding,GTX Plus Pro,455006,2017-11-01,2017-11-10,2017-Q4,2,True,False,False,0.3001,lost,large_deal
9KV5GM4U,arjun,Arjun,Sonron,GTX Basic,45650,2017-11-02,2017-11-06,2017-Q4,2,True,False,True,0.5405,won,
MOBO9N8H,karan,Karan,Xx-holding,GTX Basic,45650,2017-11-02,2017-11-07,2017-Q4,2,False,True,False,0.4338,lost,
Q1Q3D9BZ,arjun,Arjun,Sunnamplex,GTX Basic,45650,2017-11-02,2017-11-07,2017-Q4,4,True,False,False,0.267,lost,
VSMB0KJW,sana,Sana,Bubba Gump,GTX Basic,45650,2017-11-02,2017-11-28,2017-Q4,3,False,False,True,0.7329,won,
SQ71BWHG,rahul,Rahul,Zencorporation,GTX Pro,400143,2017-11-04,,2017-Q4,4,True,True,False,0.5625,pending,large_deal
76ZQP7QY,priya,Priya,Betatech,GTX Pro,400143,2017-11-06,2017-11-07,2017-Q4,1,False,True,False,0.7886,lost,single_contact_no_finance;large_deal
T482GHJQ,priya,Priya,Konmatfix,GTX Pro,400143,2017-11-07,2017-12-20,2017-Q4,2,False,False,True,0.862,won,large_deal
N22XN5IM,karan,Karan,Plusstrip,GTX Plus Basic,90968,2017-11-08,2017-12-04,2017-Q4,4,True,False,False,0.6956,won,
X9MTGVJZ,karan,Karan,Sunnamplex,GTX Plus Pro,455006,2017-11-08,2017-11-26,2017-Q4,2,False,False,False,0.4837,lost,large_deal
49TIKZ5B,rahul,Rahul,Kan-code,GTX Basic,45650,2017-11-09,2017-11-14,2017-Q4,3,True,True,True,0.7486,won,
6JBM1ZKO,arjun,Arjun,Unknown,GTX Pro,400143,2017-11-09,,2017-Q4,3,False,True,False,0.4759,pending,large_deal
J0X7ZNDX,sana,Sana,Zencorporation,GTX Basic,45650,2017-11-09,2017-11-13,2017-Q4,2,False,False,True,0.5221,lost,
NNREN4Q5,karan,Karan,Groovestreet,GTX Basic,45650,2017-11-09,2017-11-21,2017-Q4,1,True,False,True,0.8174,won,
T0H5HATU,rahul,Rahul,Rantouch,MG Advanced,281619,2017-11-09,2017-11-23,2017-Q4,4,False,True,False,0.4154,lost,
5C13TAA8,rahul,Rahul,Lexiqvolax,GTX Plus Pro,455006,2017-11-10,2017-12-22,2017-Q4,1,False,False,True,0.6336,won,single_contact_no_finance;large_deal
BFB6C54U,rahul,Rahul,Condax,GTX Pro,400143,2017-11-10,2017-12-01,2017-Q4,3,True,True,True,0.9,won,large_deal
1W2EEX4L,arjun,Arjun,Faxquote,MG Special,4565,2017-11-12,2017-12-24,2017-Q4,2,True,True,True,0.3124,lost,
4J8IA9GL,rahul,Rahul,Lexiqvolax,GTX Basic,45650,2017-11-12,2017-12-29,2017-Q4,2,False,False,True,0.7818,won,
83Y5850C,meera,Meera,Inity,MG Special,4565,2017-11-12,2017-11-25,2017-Q4,3,True,False,True,0.4057,lost,
I33TECO1,karan,Karan,Hottechi,GTX Pro,400143,2017-11-13,2017-11-30,2017-Q4,2,False,False,False,0.4889,lost,large_deal
OHJX1K09,karan,Karan,Konex,GTX Basic,45650,2017-11-13,2017-11-14,2017-Q4,3,False,True,True,0.4541,lost,
7OIR36P2,sana,Sana,Acme Corporation,GTX Pro,400143,2017-11-15,2017-12-27,2017-Q4,3,True,False,False,0.6678,won,large_deal
7XRWWM0X,karan,Karan,Scotfind,MG Special,4565,2017-11-15,,2017-Q4,2,True,False,False,0.6201,pending,
EW5ASXX4,priya,Priya,Warephase,GTX Pro,400143,2017-11-15,2017-11-20,2017-Q4,1,False,False,True,0.8565,lost,single_contact_no_finance;large_deal
S9DDUFGP,rahul,Rahul,Konex,GTX Basic,45650,2017-11-15,2017-11-28,2017-Q4,1,False,True,False,0.6007,lost,single_contact_no_finance
FX1RWO67,meera,Meera,Hottechi,MG Advanced,281619,2017-11-16,2017-12-31,2017-Q4,2,False,True,False,0.749,won,
6LS93NXH,rahul,Rahul,Goodsilron,GTX Basic,45650,2017-11-17,2017-11-27,2017-Q4,4,True,True,True,0.3417,lost,
P214KAH8,sana,Sana,Yearin,MG Advanced,281619,2017-11-17,2017-11-29,2017-Q4,1,True,False,False,0.7266,won,
R2JKKVOO,karan,Karan,Cheers,GTX Plus Basic,90968,2017-11-17,2017-11-27,2017-Q4,1,True,True,True,0.432,lost,
820NH7ZA,karan,Karan,Konex,GTX Basic,45650,2017-11-18,2017-12-04,2017-Q4,1,False,True,True,0.6307,won,single_contact_no_finance
PIPYDN8Y,rahul,Rahul,Scotfind,GTX Basic,45650,2017-11-18,2017-11-21,2017-Q4,1,False,True,True,0.5405,lost,single_contact_no_finance
QVWPMJ8R,sana,Sana,Kan-code,GTX Plus Pro,455006,2017-11-19,2017-11-28,2017-Q4,2,True,False,False,0.7475,won,large_deal
RVI6ARFW,priya,Priya,Funholding,GTX Basic,45650,2017-11-19,2017-11-20,2017-Q4,3,True,True,False,0.7695,won,
F28BOUE5,sana,Sana,Bubba Gump,GTX Pro,400143,2017-11-21,2017-12-10,2017-Q4,3,False,True,False,0.8192,won,large_deal
L11T0DYF,arjun,Arjun,Faxquote,MG Advanced,281619,2017-11-21,2017-12-01,2017-Q4,1,False,False,True,0.3577,won,single_contact_no_finance
PV3TH2FF,arjun,Arjun,Unknown,MG Special,4565,2017-11-23,,2017-Q4,3,True,False,False,0.5091,pending,
K4N74V6U,priya,Priya,Codehow,GTX Pro,400143,2017-11-24,2017-12-04,2017-Q4,1,False,False,True,0.97,won,single_contact_no_finance;large_deal
NBUHFAKW,meera,Meera,Genco Pura Olive Oil Company,MG Advanced,281619,2017-11-25,2017-12-28,2017-Q4,1,False,True,True,0.6632,won,single_contact_no_finance
RDZ2FC3A,priya,Priya,Warephase,GTX Basic,45650,2017-11-25,2017-12-11,2017-Q4,1,True,False,True,0.7979,won,
JE63NRUA,karan,Karan,Faxquote,GTX Plus Basic,90968,2017-11-26,2017-12-25,2017-Q4,1,False,True,False,0.3211,lost,single_contact_no_finance
YA8CL4UM,karan,Karan,Sunnamplex,GTX Basic,45650,2017-11-26,2017-12-01,2017-Q4,4,True,True,True,0.7041,won,
EV0V1ZZA,arjun,Arjun,Hatfan,MG Advanced,281619,2017-11-28,2017-12-02,2017-Q4,2,False,True,False,0.1422,lost,
MAA6TJMM,karan,Karan,Cheers,GTX Basic,45650,2017-11-28,2017-12-13,2017-Q4,1,True,True,True,0.8271,won,
WE03969I,sana,Sana,Gekko & Co,GTX Plus Basic,90968,2017-11-28,2017-12-09,2017-Q4,4,True,False,False,0.7167,won,
MDK5NQJA,sana,Sana,Initech,GTX Plus Pro,455006,2017-11-30,2017-12-14,2017-Q4,1,True,True,False,0.869,won,large_deal
X70BM5FO,meera,Meera,Condax,GTX Plus Basic,90968,2017-12-01,2017-12-22,2017-Q4,1,False,False,True,0.7473,won,single_contact_no_finance
23ZL97PN,sana,Sana,Betasoloin,GTX Plus Basic,90968,2017-12-02,2017-12-12,2017-Q4,2,True,True,False,0.3634,lost,
CXAEFADQ,rahul,Rahul,Singletechno,GTX Plus Basic,90968,2017-12-02,2017-12-20,2017-Q4,3,True,True,True,0.6303,won,
KNN6C4O3,karan,Karan,Green-Plus,GTX Pro,400143,2017-12-02,2017-12-15,2017-Q4,1,False,False,False,0.629,won,single_contact_no_finance;large_deal
PVZ4YGQG,sana,Sana,Donware,GTX Plus Basic,90968,2017-12-02,2017-12-11,2017-Q4,1,True,True,True,0.4052,lost,
CEYW89RW,rahul,Rahul,Golddex,GTX Basic,45650,2017-12-05,2017-12-25,2017-Q4,1,False,False,True,0.582,lost,single_contact_no_finance
7EYDG0CV,meera,Meera,Statholdings,MG Special,4565,2017-12-06,2017-12-14,2017-Q4,1,False,True,True,0.661,won,single_contact_no_finance
2KWQ6RAZ,meera,Meera,Cancity,MG Special,4565,2017-12-08,2017-12-18,2017-Q4,1,False,True,False,0.7791,won,single_contact_no_finance
823X29EZ,sana,Sana,Plussunin,GTX Pro,400143,2017-12-08,2017-12-22,2017-Q4,2,True,False,True,0.3965,lost,large_deal
VL8YNHD7,rahul,Rahul,Unknown,GTX Plus Basic,90968,2017-12-08,,2017-Q4,3,False,False,False,0.6518,pending,
YY4VFPND,rahul,Rahul,Golddex,GTX Plus Basic,90968,2017-12-08,2017-12-29,2017-Q4,2,True,False,False,0.7331,won,
QJ9H7Y8W,karan,Karan,Sunnamplex,MG Special,4565,2017-12-09,2017-12-18,2017-Q4,3,True,False,True,0.6274,won,
7GXUCFW5,priya,Priya,Inity,GTX Pro,400143,2017-12-10,2017-12-17,2017-Q4,4,False,False,False,0.6666,won,large_deal
7IAHPFT9,arjun,Arjun,Faxquote,MG Advanced,281619,2017-12-10,2017-12-18,2017-Q4,3,True,False,True,0.614,won,
04AOWMXV,meera,Meera,Codehow,GTX Basic,45650,2017-12-11,2017-12-28,2017-Q4,4,False,True,True,0.5325,won,
1RIO9PCD,arjun,Arjun,Hottechi,GTX Basic,45650,2017-12-11,2017-12-29,2017-Q4,3,False,False,True,0.5786,won,
3FJPGYD7,karan,Karan,Cheers,GTX Basic,45650,2017-12-12,2017-12-29,2017-Q4,2,True,False,True,0.5523,lost,
3RGNKYWW,rahul,Rahul,Hatfan,GTX Plus Basic,90968,2017-12-13,2017-12-26,2017-Q4,2,False,False,True,0.6961,won,
FYAVINLC,arjun,Arjun,Finjob,MG Special,4565,2017-12-13,2017-12-17,2017-Q4,1,True,True,True,0.4086,won,
M4MAVN65,arjun,Arjun,Doncon,MG Special,4565,2017-12-14,2017-12-22,2017-Q4,1,False,True,True,0.2146,lost,single_contact_no_finance
PLQ50D2O,meera,Meera,Domzoom,MG Advanced,281619,2017-12-17,2017-12-26,2017-Q4,4,False,True,False,0.7505,won,
Q30OVFCZ,arjun,Arjun,Sonron,GTX Plus Basic,90968,2017-12-17,2017-12-31,2017-Q4,2,True,False,False,0.1211,lost,
CNL7PCYU,sana,Sana,Xx-zobam,MG Advanced,281619,2017-12-20,2017-12-28,2017-Q4,1,True,True,False,0.2381,lost,end_of_quarter
HLXSEMXV,karan,Karan,Doncon,MG Special,4565,2017-12-21,2017-12-28,2017-Q4,1,False,True,False,0.7329,won,single_contact_no_finance;end_of_quarter
MPMG4JTY,arjun,Arjun,Hottechi,MG Special,4565,2017-12-21,2017-12-28,2017-Q4,1,True,True,False,0.6038,won,end_of_quarter
8QJHJXY0,rahul,Rahul,Sunnamplex,MG Special,4565,2017-12-22,2017-12-31,2017-Q4,3,True,True,False,0.7161,lost,end_of_quarter
